-- phpMyAdmin SQL Dump
-- version 4.8.0
-- https://www.phpmyadmin.net/
--
-- Host: 127.0.0.1
-- Generation Time: Jun 06, 2020 at 04:39 PM
-- Server version: 10.1.31-MariaDB
-- PHP Version: 5.6.35

SET SQL_MODE = "NO_AUTO_VALUE_ON_ZERO";
SET AUTOCOMMIT = 0;
START TRANSACTION;
SET time_zone = "+00:00";


/*!40101 SET @OLD_CHARACTER_SET_CLIENT=@@CHARACTER_SET_CLIENT */;
/*!40101 SET @OLD_CHARACTER_SET_RESULTS=@@CHARACTER_SET_RESULTS */;
/*!40101 SET @OLD_COLLATION_CONNECTION=@@COLLATION_CONNECTION */;
/*!40101 SET NAMES utf8mb4 */;

--
-- Database: `temanukai.com`
--

-- --------------------------------------------------------

--
-- Table structure for table `ambil_soal`
--

CREATE TABLE `ambil_soal` (
  `id_ambil_soal` int(5) NOT NULL,
  `id_user` int(5) NOT NULL,
  `kode_soal` varchar(50) NOT NULL,
  `mulai` datetime NOT NULL DEFAULT CURRENT_TIMESTAMP,
  `berakhir` datetime NOT NULL DEFAULT CURRENT_TIMESTAMP
) ENGINE=InnoDB DEFAULT CHARSET=latin1;

--
-- Dumping data for table `ambil_soal`
--

INSERT INTO `ambil_soal` (`id_ambil_soal`, `id_user`, `kode_soal`, `mulai`, `berakhir`) VALUES
(1, 1, 'Logik_1', '0000-00-00 00:00:00', '0000-00-00 00:00:00');

-- --------------------------------------------------------

--
-- Table structure for table `bab_booster`
--

CREATE TABLE `bab_booster` (
  `id_bab_booster` int(5) NOT NULL,
  `nama_bab_booster` varchar(50) NOT NULL,
  `desk_bab_booster` text NOT NULL,
  `time_bab_booster` int(20) NOT NULL,
  `status_bab_booster` int(3) NOT NULL,
  `kode_soal` varchar(50) NOT NULL,
  `id_booster` int(5) NOT NULL,
  `created` timestamp NOT NULL DEFAULT CURRENT_TIMESTAMP,
  `slug` varchar(150) NOT NULL
) ENGINE=InnoDB DEFAULT CHARSET=latin1;

--
-- Dumping data for table `bab_booster`
--

INSERT INTO `bab_booster` (`id_bab_booster`, `nama_bab_booster`, `desk_bab_booster`, `time_bab_booster`, `status_bab_booster`, `kode_soal`, `id_booster`, `created`, `slug`) VALUES
(1, 'Bab 1 - Industri Farmasi & Regulasi', 'Platform terbaik untuk belajar untuk mempersiapkan menuju UKAI mendatang.', 75, 1, 'bb1', 1, '0000-00-00 00:00:00', 'bab-bosster-1'),
(2, 'Bab 2 - Kardiovaskular', 'Platform terbaik untuk belajar untuk mempersiapkan menuju UKAI mendatang.', 75, 1, 'bb2', 1, '0000-00-00 00:00:00', 'bab-bosster-2'),
(3, 'Bab 3 - Infeksi', 'Platform terbaik untuk belajar untuk mempersiapkan menuju UKAI mendatang.', 75, 1, 'bb3', 1, '0000-00-00 00:00:00', 'bab-bosster-3'),
(4, 'Bab 4 - Formulasi Teknologi Sediaan & Compounding ', 'Platform terbaik untuk belajar untuk mempersiapkan menuju UKAI mendatang.', 75, 1, 'bb4', 1, '0000-00-00 00:00:00', 'bab-bosster-4'),
(5, 'Bab 5 - Gastrointestinal', 'Platform terbaik untuk belajar untuk mempersiapkan menuju UKAI mendatang.', 75, 1, 'bb5', 1, '0000-00-00 00:00:00', 'bab-bosster-5'),
(6, 'Bab 6 - Sistem Pernafasan & Saraf', 'Platform terbaik untuk belajar untuk mempersiapkan menuju UKAI mendatang.', 75, 1, 'bb6', 1, '0000-00-00 00:00:00', 'bab-bosster-6'),
(7, 'Bab 7 - Kimia Analisis & Farmakokinetik', 'Platform terbaik untuk belajar untuk mempersiapkan menuju UKAI mendatang.', 75, 1, 'bb7', 1, '0000-00-00 00:00:00', 'bab-bosster-7'),
(8, 'Bab 8 - Endokrin & Kontrasepsi', 'Platform terbaik untuk belajar untuk mempersiapkan menuju UKAI mendatang.', 75, 1, 'bb8', 1, '0000-00-00 00:00:00', 'bab-bosster-8'),
(9, 'Bab 9 - Tulang Persendian, Kulit, Mata, THT & Onko', 'Platform terbaik untuk belajar untuk mempersiapkan menuju UKAI mendatang.', 75, 1, 'bb9', 1, '0000-00-00 00:00:00', 'bab-bosster-9'),
(10, 'Bab 10 - Managerial Farmasi', 'Platform terbaik untuk belajar untuk mempersiapkan menuju UKAI mendatang.', 75, 1, 'bb10', 1, '0000-00-00 00:00:00', 'bab-bosster-10');

-- --------------------------------------------------------

--
-- Table structure for table `jawaban`
--

CREATE TABLE `jawaban` (
  `id_jawaban` int(5) NOT NULL,
  `id_soal` int(5) NOT NULL,
  `id_ambil_soal` int(5) NOT NULL,
  `status_answer` varchar(50) NOT NULL,
  `created` timestamp NOT NULL DEFAULT CURRENT_TIMESTAMP,
  `modified` timestamp NOT NULL DEFAULT CURRENT_TIMESTAMP
) ENGINE=InnoDB DEFAULT CHARSET=latin1;

--
-- Dumping data for table `jawaban`
--

INSERT INTO `jawaban` (`id_jawaban`, `id_soal`, `id_ambil_soal`, `status_answer`, `created`, `modified`) VALUES
(1, 1, 1, 'A', '2020-05-20 13:13:13', '2020-05-20 13:13:13');

-- --------------------------------------------------------

--
-- Table structure for table `paket_booster`
--

CREATE TABLE `paket_booster` (
  `id_booster` int(5) NOT NULL,
  `nama_booster` varchar(50) NOT NULL,
  `desk_booster` text NOT NULL,
  `harga_booster` int(20) NOT NULL,
  `status_booster` int(3) NOT NULL,
  `kode_paket` varchar(50) NOT NULL,
  `created` timestamp NOT NULL DEFAULT CURRENT_TIMESTAMP,
  `slug` varchar(150) NOT NULL
) ENGINE=InnoDB DEFAULT CHARSET=latin1;

--
-- Dumping data for table `paket_booster`
--

INSERT INTO `paket_booster` (`id_booster`, `nama_booster`, `desk_booster`, `harga_booster`, `status_booster`, `kode_paket`, `created`, `slug`) VALUES
(1, 'Industri Farmasi', 'Platform terbaik untuk belajar untuk mempersiapkan menuju UKAI mendatang.', 75000, 1, 'pb_Farmasi', '0000-00-00 00:00:00', 'Industri-Farmasi'),
(2, 'Kardiovaskular', 'Platform terbaik untuk belajar untuk mempersiapkan menuju UKAI mendatang.', 75000, 1, 'pb_Kardiovaskular', '0000-00-00 00:00:00', 'Kardiovaskular'),
(3, 'Infeksi', 'Platform terbaik untuk belajar untuk mempersiapkan menuju UKAI mendatang.', 75000, 1, 'pb_Infeksi', '0000-00-00 00:00:00', 'Infeksi'),
(4, 'Formulasi Teknologi', 'Platform terbaik untuk belajar untuk mempersiapkan menuju UKAI mendatang.', 75000, 1, 'pb_Formulasi', '0000-00-00 00:00:00', 'Formulasi-Teknologi'),
(5, 'Gastrointestinal', 'Platform terbaik untuk belajar untuk mempersiapkan menuju UKAI mendatang.', 75000, 1, 'pb_Gastrointestinal', '0000-00-00 00:00:00', 'Gastrointestinal'),
(6, 'Sistem Pernafasan', 'Platform terbaik untuk belajar untuk mempersiapkan menuju UKAI mendatang.', 75000, 1, 'pb_Pernafasan', '0000-00-00 00:00:00', 'Sistem-Pernafasan'),
(7, 'Kimia Analisis', 'Platform terbaik untuk belajar untuk mempersiapkan menuju UKAI mendatang.', 75000, 1, 'pb_Analisis', '0000-00-00 00:00:00', 'Kimia-Analisis'),
(8, 'Endokrin', 'Platform terbaik untuk belajar untuk mempersiapkan menuju UKAI mendatang.', 75000, 1, 'pb_Endokrin', '0000-00-00 00:00:00', 'Endokrin'),
(9, 'Tulang Persendian', 'Platform terbaik untuk belajar untuk mempersiapkan menuju UKAI mendatang.', 75000, 1, 'pb_Persendian', '0000-00-00 00:00:00', 'Tulang-Persendian'),
(10, 'Managerial Farmasi', 'Platform terbaik untuk belajar untuk mempersiapkan menuju UKAI mendatang.', 75000, 1, 'pb_Managerial', '0000-00-00 00:00:00', 'Managerial-Farmasi');

-- --------------------------------------------------------

--
-- Table structure for table `paket_reguler`
--

CREATE TABLE `paket_reguler` (
  `id_reguler` int(5) NOT NULL,
  `nama_reguler` varchar(50) NOT NULL,
  `desk_reguler` text NOT NULL,
  `harga_reguler` int(20) NOT NULL,
  `time_reguler` int(20) NOT NULL,
  `status_reguler` int(3) NOT NULL,
  `kode_paket` varchar(50) NOT NULL,
  `kode_soal` varchar(50) NOT NULL,
  `created` timestamp NOT NULL DEFAULT CURRENT_TIMESTAMP,
  `slug` varchar(50) NOT NULL
) ENGINE=InnoDB DEFAULT CHARSET=latin1;

--
-- Dumping data for table `paket_reguler`
--

INSERT INTO `paket_reguler` (`id_reguler`, `nama_reguler`, `desk_reguler`, `harga_reguler`, `time_reguler`, `status_reguler`, `kode_paket`, `kode_soal`, `created`, `slug`) VALUES
(1, 'Farmasi', 'Platform terbaik untuk belajar untuk mempersiapkan menuju UKAI mendatang.', 65000, 75, 1, 'pr_Farmasi', 'pr-s-Farmasi', '0000-00-00 00:00:00', 'Farmasi'),
(2, 'Kardiovaskular', 'Platform terbaik untuk belajar untuk mempersiapkan menuju UKAI mendatang.', 65000, 75, 1, 'pr_Kardiovaskular', 'pr-s-Kardiovaskular', '0000-00-00 00:00:00', 'Kardiovaskular'),
(3, 'Infeksi', 'Platform terbaik untuk belajar untuk mempersiapkan menuju UKAI mendatang.', 65000, 75, 1, 'pr_Infeksi', 'pr-s-Infeksi', '0000-00-00 00:00:00', 'Infeksi'),
(4, 'Formulasi', 'Platform terbaik untuk belajar untuk mempersiapkan menuju UKAI mendatang.', 65000, 75, 1, 'pr_Formulasi', 'pr-s-Formulasi', '0000-00-00 00:00:00', 'Formulasi'),
(5, 'Gastrointestinal', 'Platform terbaik untuk belajar untuk mempersiapkan menuju UKAI mendatang.', 65000, 75, 1, 'pr_Gastrointestinal', 'pr-s-Gastrointestinal', '0000-00-00 00:00:00', 'Gastrointestinal'),
(6, 'Pernafasan', 'Platform terbaik untuk belajar untuk mempersiapkan menuju UKAI mendatang.', 65000, 75, 1, 'pr_Pernafasan', 'prss-Pernafasan', '0000-00-00 00:00:00', 'Pernafasan'),
(7, 'Analisis', 'Platform terbaik untuk belajar untuk mempersiapkan menuju UKAI mendatang.', 65000, 75, 1, 'pr_Analisis', 'pr-s-Analisis', '0000-00-00 00:00:00', 'Analisis'),
(8, 'Endokrin', 'Platform terbaik untuk belajar untuk mempersiapkan menuju UKAI mendatang.', 65000, 75, 1, 'pr_Endokrin', 'pr-s-Endokrin', '0000-00-00 00:00:00', 'Endokrin'),
(9, 'Persendian', 'Platform terbaik untuk belajar untuk mempersiapkan menuju UKAI mendatang.', 65000, 75, 1, 'pr_Persendian', 'pr-s-Persendian', '0000-00-00 00:00:00', 'Persendian'),
(10, 'Farmasi', 'Platform terbaik untuk belajar untuk mempersiapkan menuju UKAI mendatang.', 65000, 75, 1, 'pr_Farmasi', 'pr-s-Farmasi', '0000-00-00 00:00:00', 'Farmasi');

-- --------------------------------------------------------

--
-- Table structure for table `soal`
--

CREATE TABLE `soal` (
  `id_soal` int(20) NOT NULL,
  `kode_soal` varchar(50) NOT NULL,
  `pertanyaan` varchar(300) NOT NULL,
  `jawaban_a` varchar(300) NOT NULL,
  `jawaban_b` varchar(300) NOT NULL,
  `jawaban_c` varchar(300) NOT NULL,
  `jawaban_d` varchar(300) NOT NULL,
  `jawaban_e` varchar(150) NOT NULL,
  `kunci_soal` varchar(300) NOT NULL,
  `pembahasan_soal` text NOT NULL,
  `created` timestamp NOT NULL DEFAULT CURRENT_TIMESTAMP
) ENGINE=InnoDB DEFAULT CHARSET=latin1;

--
-- Dumping data for table `soal`
--

INSERT INTO `soal` (`id_soal`, `kode_soal`, `pertanyaan`, `jawaban_a`, `jawaban_b`, `jawaban_c`, `jawaban_d`, `jawaban_e`, `kunci_soal`, `pembahasan_soal`, `created`) VALUES
(1, 'pr-s-Analisis', '(Tabel Pareto golongan A) Manakah dari tabel di atas yang merupakan omset tertinggi dari tabel pareto golongan A?', 'Ceftriakson', 'Eritromicyn', 'Glukosa', 'Gentamisin', 'Kanamisin', 'a', '(Tabel Pareto golongan A) Manakah dari tabel di atas yang merupakan omset tertinggi dari tabel pareto golongan A?', '0000-00-00 00:00:00'),
(2, 'pr-s-Analisis', 'Seorang anak usia 7 tahun.masuk ke rumah sakit dengan keluhan demam tinggi diikuti dengan penurunan nafsu makan. Anak tersebut didiagnosa dokter demam tyfoid. Berdasarkan diagnosa tersebut obat apa yg tepat untuk mengatasinya?', 'Streptomycin', 'Eritromicyn', 'Ciprofloxacin', 'Streptosazin', 'Tetrasiklin', 'a', 'Seorang anak usia 7 tahun.masuk ke rumah sakit dengan keluhan demam tinggi diikuti dengan penurunan nafsu makan. Anak tersebut didiagnosa dokter demam tyfoid. Berdasarkan diagnosa tersebut obat apa yg tepat untuk mengatasinya?', '0000-00-00 00:00:00'),
(3, 'pr-s-Analisis', 'Suatu perusahaan swasta (UMOT) usaha mikro obat tradisional membuat obat batuk herbal dengan komposisi ekstrak jahe. Ekstrak jeruk nipis madu. Kalimat yang cocok untuk di tulis pda kemasan adalah?', 'Untuk mengobati batuk', 'Untuk menekan dahak', 'Untuk menekan dahak', 'Untuk meredakan batuk', '-', 'a', 'Suatu perusahaan swasta (UMOT) usaha mikro obat tradisional membuat obat batuk herbal dengan komposisi ekstrak jahe. Ekstrak jeruk nipis madu. Kalimat yang cocok untuk di tulis pda kemasan adalah?', '0000-00-00 00:00:00'),
(4, 'pr-s-Analisis', 'Seorang apoteker yang bertanggung jawab diapotek membeli tablet dari distributor 1000/tablet sudah termasuk PPN. Dan apotek menjual dengan harga 1250/tablet. Berapa % keuntungan yang diperoleh?', '10%', '20%', '30%', '40%', '50%', 'a', 'Seorang apoteker yang bertanggung jawab diapotek membeli tablet dari distributor 1000/tablet sudah termasuk PPN. Dan apotek menjual dengan harga 1250/tablet. Berapa % keuntungan yang diperoleh?', '0000-00-00 00:00:00'),
(5, 'pr-s-Analisis', 'Ada seorang pasien laki2 berumur 50 tahun masuk IGD dengan keluhan nyeri dada yang menjalar ke bahu sampai lengan kiri, punya riwayat hiperkolesterol sejak 5 tahun yang lalu dan oleh dokter di diagnosis terkena angina. Obat apa yang tepat diberikan untuk pasien ini?', 'Isosorbid dinitrat', 'Bisoprolol', 'Nikardipin ', 'Clopidogrel', 'Verapamil', 'a', 'Ada seorang pasien laki2 berumur 50 tahun masuk IGD dengan keluhan nyeri dada yang menjalar ke bahu sampai lengan kiri, punya riwayat hiperkolesterol sejak 5 tahun yang lalu dan oleh dokter di diagnosis terkena angina. Obat apa yang tepat diberikan untuk pasien ini?', '0000-00-00 00:00:00'),
(6, 'pr-s-Analisis', 'Seorang bapak berusia 60 tahun menderita penyakit hiperurisemia dan sedang mendapatkan terapi menggunakan probenesid. Selain itu dia juga mempunyai penyakit infeksi dan menggunakan sefalosporin. Penggunaan kedua obat tersebut di pantau karena efek samping dari sefalosporin dapat meningkat. Bagaimana', '(Probenesid meningkatkan serum konsentrasi sefalosporin karena menurunkan eliminasi sefalosporin)', 'k', 'k', 'k', 'k', 'a', 'Seorang bapak berusia 60 tahun menderita penyakit hiperurisemia dan sedang mendapatkan terapi menggunakan probenesid. Selain itu dia juga mempunyai penyakit infeksi dan menggunakan sefalosporin. Penggunaan kedua obat tersebut di pantau karena efek samping dari sefalosporin dapat meningkat. Bagaimana mekanisme interaksi obat tersebut ? (Probenesid meningkatkan serum konsentrasi sefalosporin karena menurunkan eliminasi sefalosporin)', '0000-00-00 00:00:00'),
(7, 'pr-s-Analisis', 'Seorang pasien laki-laki 50 tahun. Tinggi badan 160 cm, berat badan 50 kg. Serum kreatinin 5 mg/dL. BUN 50 mg/dL. Tekanan darah 160 mmHg. Obat hipertensi yang tepat adalah?', 'Kaptopril', 'Diltiazem', 'Propranolol', 'Verapamil', 'Furosemide', 'a', 'Seorang pasien laki-laki 50 tahun. Tinggi badan 160 cm, berat badan 50 kg. Serum kreatinin 5 mg/dL. BUN 50 mg/dL. Tekanan darah 160 mmHg. Obat hipertensi yang tepat adalah?', '0000-00-00 00:00:00'),
(8, 'pr-s-Analisis', 'Seorang bapak 5 tahun yang lalu didiagnosa memiliki hipertensi dan DM tipe 2. Satu bulan yang lalu bapak pergi ke dokter dan dokter memberikan HCT 1 x 12,5 mg. Dan bapak tersebut pergi ke puskesmas mengecek tekanan darah nya ternyata 150/90 mmHg. Pasien mengaku teratur minum obat. Saran terapi apa y', 'Mengganti HCT dengan furosemide 1 x 20 mg', 'Mengganti HCT dengan amlodipine 1 x 10 mg', 'Menambahkan HCT dengan bisoprolol 1 x 5 mg', 'Menambahkan HCT dengan valsartan', 'Menambahkan HCT dengan propranolol', 'a', 'Seorang bapak 5 tahun yang lalu didiagnosa memiliki hipertensi dan DM tipe 2. Satu bulan yang lalu bapak pergi ke dokter dan dokter memberikan HCT 1 x 12,5 mg. Dan bapak tersebut pergi ke puskesmas mengecek tekanan darah nya ternyata 150/90 mmHg. Pasien mengaku teratur minum obat. Saran terapi apa yang diberikan?', '0000-00-00 00:00:00'),
(9, 'pr-s-Analisis', 'Laki-laki 11 tahun mengeluh 4 hari demam dan muka sembab, urin coklat kemerahan dan tidak mengeluh apapun lagi.', 'Amoksisilin dan amlodipine', 'Amoksisilin dan HCT', 'Amoksisilin', 'Tetrasiklin dan KCl', 'Tetrasiklin dan amlodipine', 'a', 'Laki-laki 11 tahun mengeluh 4 hari demam dan muka sembab, urin coklat kemerahan dan tidak mengeluh apapun lagi.', '0000-00-00 00:00:00'),
(10, 'pr-s-Analisis', 'Seorang pasien datang dengan keluhan osteoartritis dia telah mengkonsumsi Antiinflamasi non steroid (AINS) selama tiga bulan. Akhir-akhir ini pasien mengeluh sakit pada bagian uluhati disertai mual. Apa yang apoteker rekomendasikan?', 'Mengganti obat lain', 'Menambahkan obat lain (antasida gimana ?)', 'Mengubah rute pemberian', 'Mengubah bentuk sediaan', '-', 'a', 'Seorang pasien datang dengan keluhan osteoartritis dia telah mengkonsumsi Antiinflamasi non steroid (AINS) selama tiga bulan. Akhir-akhir ini pasien mengeluh sakit pada bagian uluhati disertai mual. Apa yang apoteker rekomendasikan?', '0000-00-00 00:00:00'),
(11, 'pr-s-Analisis', 'Seorang pasien pria berusia 65 tahun memiliki keluhan batuk kering. Riwayat penyakit yang diderita antara lain hipertensi, diabetes melitus dan osteoartitis. Riwayat pengobatan antara lain kaptopril, hidroklorotiazid, ibuprofen, metformin dan glibenklamid. Obat manakan yang menyebabkan keluhan yang ', 'Kaptopril', 'Hidroklortiazid', 'Ibuprofen', 'Metformin', 'Glibenklamid', 'a', 'Seorang pasien pria berusia 65 tahun memiliki keluhan batuk kering. Riwayat penyakit yang diderita antara lain hipertensi, diabetes melitus dan osteoartitis. Riwayat pengobatan antara lain kaptopril, hidroklorotiazid, ibuprofen, metformin dan glibenklamid. Obat manakan yang menyebabkan keluhan yang terjadi pada pasien?', '0000-00-00 00:00:00'),
(12, 'pr-s-Analisis', 'Seorang laki laki 27 tahun terinfeksi jamur diresepkan ketokonazol. Pasien diketahui menderita ulkus peptik dan rutin minum antasida secara bersamaan. Apa yg  terjadi pada kedua obat tersebut?', 'Disolusi ketokonazol tidak terpengaruh', 'Absorbsi ketokonazol terpengaruh', 'Distribusi ketokonazol tidak terpengaruh', 'Metabolism ketokonazol terpengaruh', 'Ekskresi ketokonazol tidak terpengaruh', 'a', 'Seorang laki laki 27 tahun terinfeksi jamur diresepkan ketokonazol. Pasien diketahui menderita ulkus peptik dan rutin minum antasida secara bersamaan. Apa yg  terjadi pada kedua obat tersebut?', '0000-00-00 00:00:00'),
(13, 'pr-s-Analisis', 'Seorang ibu akan membelikan obat untuk anaknya yang mengeluhkan sakit gigi ibunya membelikan obat sirup asam mefenamat. Menurut peraturan yang berlaku asam mefenamat masuk kedalam golongan obat apa?', 'Obat bebas', 'Obat bebas terbatas', 'Daftar obat wajib apotek', 'Obat narkotika', 'Obat psikotropika', 'a', 'Seorang ibu akan membelikan obat untuk anaknya yang mengeluhkan sakit gigi ibunya membelikan obat sirup asam mefenamat. Menurut peraturan yang berlaku asam mefenamat masuk kedalam golongan obat apa?', '0000-00-00 00:00:00'),
(14, 'pr-s-Analisis', 'Seorang perempuan berumur 35 tahun dengan usia kehamilan 12 minggu mengalami demam tinggi, didiagnosa dokter terkena infeksi. Hasil dari pemeriksaan darah pasien tersebut terkena infeksi salmonella typhosa. Apakah obat yang dihindari penggunaan nya oleh pasien tersebut?', 'Kloramfenikol', 'Amoksisilin', 'Penisilin', 'Eritromisin', 'Selafeksin', 'a', 'Seorang perempuan berumur 35 tahun dengan usia kehamilan 12 minggu mengalami demam tinggi, didiagnosa dokter terkena infeksi. Hasil dari pemeriksaan darah pasien tersebut terkena infeksi salmonella typhosa. Apakah obat yang dihindari penggunaan nya oleh pasien tersebut?', '0000-00-00 00:00:00'),
(15, 'pr-s-Analisis', 'Seorang pria berusia 50 tahun datang ke klinik,dia mengeluhkan sakit pada dada sebelah kiri dan kemudian menjelar ke bagian lengan sebelah kiri dan di punggung. Dokter mendiagnosis pasien tersebut terkena angina pectoris. Pasien tersebut sudah menderita hipertensi dan dyslipidemia 5 tahun terakhir i', 'Isosorbid dinitrat', 'Allopurinol', 'Simvastatin', 'Kaptopril', 'Amlodipin', 'a', 'Seorang pria berusia 50 tahun datang ke klinik,dia mengeluhkan sakit pada dada sebelah kiri dan kemudian menjelar ke bagian lengan sebelah kiri dan di punggung. Dokter mendiagnosis pasien tersebut terkena angina pectoris. Pasien tersebut sudah menderita hipertensi dan dyslipidemia 5 tahun terakhir ini. Terapi pilihan pertama apa yang bisa diberikan?', '0000-00-00 00:00:00'),
(16, 'pr-s-Analisis', 'Seorang laki-laki 28 tahun dengan diagnosa TB paru. Dokter memberikan gliseril guaikolat, isoniazid, etambutol, pirazinamid dan ripamfisin. Setelah 2 minggu menkonsumsi obat, keluarga mendapati bahwa air seni pasien berwarna kemerahan. Sebagai apoteker, informasi apa yang akan anda sampaikan kepada ', 'Hasil ekskresi metabolit etambutol', 'Efek samping pirazinamid', 'Efek samping isoniazid', 'Efek samping liseil guaikolat', 'Hasil ekskresi metabolit rifampisin', 'a', 'Seorang laki-laki 28 tahun dengan diagnosa TB paru. Dokter memberikan gliseril guaikolat, isoniazid, etambutol, pirazinamid dan ripamfisin. Setelah 2 minggu menkonsumsi obat, keluarga mendapati bahwa air seni pasien berwarna kemerahan. Sebagai apoteker, informasi apa yang akan anda sampaikan kepada pasien terkait kejadian tersebut?', '0000-00-00 00:00:00'),
(17, 'pr-s-Analisis', 'Pasien mendapatkan kencing merah cokelat, air mata merah, mengidap TBC paru dengan BTA + dan mengonsumsi obat sejak 2 minggu terakhir. Yang menyebabkan kencing dan air mata berwarna merah cokelat adalah?', 'Isoniazid', 'Rifampisin', 'Pirazinamid', 'Etambutol', 'Streptomisin', 'a', 'Pasien mendapatkan kencing merah cokelat, air mata merah, mengidap TBC paru dengan BTA + dan mengonsumsi obat sejak 2 minggu terakhir. Yang menyebabkan kencing dan air mata berwarna merah cokelat adalah?', '0000-00-00 00:00:00'),
(18, 'pr-s-Analisis', 'Seorang laki-laki berumur 25 tahun, mengeluhkan nyeri pada lambung, diare, dan terdapat lendir pada feses. Kemudian dia diberi dokter resep obat sulfasalazin 500mg 4 kali sehari. Dari resep yang dituliskan dokter, apa kegunaan obat tersebut?', 'Untuk mengobati colitis ulseratif ringan sampai sedang', '-', '-', '-', '-', 'a', 'Seorang laki-laki berumur 25 tahun, mengeluhkan nyeri pada lambung, diare, dan terdapat lendir pada feses. Kemudian dia diberi dokter resep obat sulfasalazin 500mg 4 kali sehari. Dari resep yang dituliskan dokter, apa kegunaan obat tersebut?', '0000-00-00 00:00:00'),
(19, 'pr-s-Analisis', 'Menurut permenkes no 886 tahun 2011, salah satu tugas apoteker adalah pengelolaan injeksi diazepam. Hal tersebut hanya diperuntukkan bagi apoteker yang memiliki STRA. Dimanakah STRA bisa dibuat?', 'Dinas kesehatan RI', 'Balai POM', 'Badan POM', 'KFN ', '-', 'a', 'Menurut permenkes no 886 tahun 2011, salah satu tugas apoteker adalah pengelolaan injeksi diazepam. Hal tersebut hanya diperuntukkan bagi apoteker yang memiliki STRA. Dimanakah STRA bisa dibuat?', '0000-00-00 00:00:00'),
(20, 'pr-s-Analisis', 'Suatu industri farmasi ingin membuat sediaan steril salep mata dengan kandungan zat aktif memiliki titik leleh 78 C dan tidak tahan terhadap air. Cara sterilisasi manakah yang sesuai?', 'Panas basah', 'Panas kering', 'Filtrasi', 'Gas', 'Refraks ', 'a', 'Suatu industri farmasi ingin membuat sediaan steril salep mata dengan kandungan zat aktif memiliki titik leleh 78 C dan tidak tahan terhadap air. Cara sterilisasi manakah yang sesuai?', '0000-00-00 00:00:00'),
(21, 'pr-s-Analisis', 'Seorang laki-laki berumur 20 tahun menebus resep ke apotek tramadol kapsul 50 mg sebanyak 50 tablet diminum 3x sehari. Apa yang anda lakukan?', 'Memberikan sesuai resep', 'Memberikan obat setengahnya', 'Menolak resep', 'Menghubungi dokter kembali', 'Mengganti cara pemakaian', 'a', 'Seorang laki-laki berumur 20 tahun menebus resep ke apotek tramadol kapsul 50 mg sebanyak 50 tablet diminum 3x sehari. Apa yang anda lakukan?', '0000-00-00 00:00:00'),
(22, 'pr-s-Analisis', 'Seorang perempuan berusia 35 tahun dengan usia kehamilan 12 minggu mengalami panas tinggi. Dokter mendiagnosa pasien mengalami infeksi. Hasil kultur darah pasien menunjukka positif Salmonella thyposa. Obat apakah yang tidak boleh dipergunakan oleh pasien tersebut ?', 'Kloramfenikol', 'Amoksisilin', 'Epinefrin', 'Penisilin', 'Sefaleksin', 'a', 'Seorang perempuan berusia 35 tahun dengan usia kehamilan 12 minggu mengalami panas tinggi. Dokter mendiagnosa pasien mengalami infeksi. Hasil kultur darah pasien menunjukka positif Salmonella thyposa. Obat apakah yang tidak boleh dipergunakan oleh pasien tersebut ?', '0000-00-00 00:00:00'),
(23, 'pr-s-Analisis', 'Pada penderita stroke iskemik mendapatkan t-PA, t-PA memiliki batas waktu pemberian yang dapat menimbulkan berbahaya. Berapa batas waktu yang menimbulkan bahaya tersebut?', '1 jam', '2 jam', '3 jam', '4 jam', '5 jam', 'a', 'Pada penderita stroke iskemik mendapatkan t-PA, t-PA memiliki batas waktu pemberian yang dapat menimbulkan berbahaya. Berapa batas waktu yang menimbulkan bahaya tersebut?', '0000-00-00 00:00:00'),
(24, 'pr-s-Analisis', 'Perusahaan farmasi yang akan memproduksi obat tradisional dari ekstrak kulit buah manggis sebagai antioksidan, harus melakukan standarisasi dari senyawa markernya (penanda) yaitu?', 'Andrographis', 'Astiotica', 'Mangostin', 'Xhantonis', 'Papain', 'a', 'Perusahaan farmasi yang akan memproduksi obat tradisional dari ekstrak kulit buah manggis sebagai antioksidan, harus melakukan standarisasi dari senyawa markernya (penanda) yaitu?', '0000-00-00 00:00:00'),
(25, 'pr-s-Analisis', 'Bagaimana prosedur pemusnahan sediaan sirup?', 'Diencerkan terlebih dahulu dan dibuang ke selokan', 'Dibuang langsung ke tanah', 'Ditampung ke bak penampungan obat kadaluarsa', '-', '-', 'a', 'Bagaimana prosedur pemusnahan sediaan sirup?', '0000-00-00 00:00:00'),
(26, 'pr-s-Analisis', 'Seorang pasien TB mendapatkan terapi 2HRZE/4H3R3, mengapa pasien TB tersebut harus mendapatkan kombinasi obat tersebut?', 'Untuk mencegah terjadinya resistensi terhadap bakteri M. tuberculosis', '-', '-', '-', '-', 'a', 'Seorang pasien TB mendapatkan terapi 2HRZE/4H3R3, mengapa pasien TB tersebut harus mendapatkan kombinasi obat tersebut?', '0000-00-00 00:00:00'),
(27, 'pr-s-Analisis', 'Seorang pasien wanita datang ke apotek meminta informasi tentang obat untuk menunda haid karena pasien akan melaksanakan umrah 1 minggu lagi. Obat apakah yang direkomendasikan oleh apoteker kepada pasien?', 'Estradiol valerat', 'Norethisteron', '-', '-', '-', 'a', 'Seorang pasien wanita datang ke apotek meminta informasi tentang obat untuk menunda haid karena pasien akan melaksanakan umrah 1 minggu lagi. Obat apakah yang direkomendasikan oleh apoteker kepada pasien?', '0000-00-00 00:00:00'),
(28, 'pr-s-Analisis', 'Sebuah industri farmasi ingin memproduksi tablet, bahan baku yang dimiliki oleh industri tersebut memiliki sifat fisiko kimia tahan terhadap pemanasan dan serbuk halus. Metode apa yang cocok untuk bahan baku tersebut?', 'Granulasi basah', 'Granulasi kering', 'Kempa langsung', '-', '-', 'a', 'Sebuah industri farmasi ingin memproduksi tablet, bahan baku yang dimiliki oleh industri tersebut memiliki sifat fisiko kimia tahan terhadap pemanasan dan serbuk halus. Metode apa yang cocok untuk bahan baku tersebut?', '0000-00-00 00:00:00'),
(29, 'pr-s-Analisis', 'Seorang pasien berumur 50 tahun menderita penyakit jantung kongesif dan diberikan terapi warfarin. Pasien juga kesulitan untuk tidur dan dokter memberikan fanobarbital, ternyata pasien keadaannya tidak membaik terjadi penumpukan trombus di pembuluh jantungnya. Mekanisme interaksi yang potensial terj', 'Pergeseran ikatan protein plasma', 'Penghambat filtrasi glomerulus', 'Penghambat absorpsi', 'Percepatan metabolism (Fenobarbital / CYPC29 induser meningkatkan metabolisme warfarin CYPC29 substrat)', 'Penghambat ekskresi renal', 'a', 'Seorang pasien berumur 50 tahun menderita penyakit jantung kongesif dan diberikan terapi warfarin. Pasien juga kesulitan untuk tidur dan dokter memberikan fanobarbital, ternyata pasien keadaannya tidak membaik terjadi penumpukan trombus di pembuluh jantungnya. Mekanisme interaksi yang potensial terjadi?', '0000-00-00 00:00:00'),
(30, 'pr-s-Analisis', 'Seorang pasien membawa resep ke apotek dengan isi sebagai berikut : R/ Paracetamol 500 mg CTM 2mg S.L qs Mf dtd pulv no. XX Berapa banyak tablet CTM yang diperlukan untuk membuat resep diatas?', '1 tablet', '2 tablet', '3 tablet', '4 tablet', '10 tablet', 'a', 'Seorang pasien membawa resep ke apotek dengan isi sebagai berikut : R/ Paracetamol 500 mg CTM 2mg S.L qs Mf dtd pulv no. XX Berapa banyak tablet CTM yang diperlukan untuk membuat resep diatas?', '0000-00-00 00:00:00'),
(31, 'pr-s-Analisis', 'Seorang laki-laki usia 60 tahun memiliki penyakit PPOK (Penyakit Paru Obstruksi Kronik), memiliki eksaserbasi akut dan mendapat obat inhalasi bronkodilator (ipratropium dan salbuterol/salbutamol, ????..), inhalasi fixotide, dia juga menderita infeksi dan diobati dengan eritromisin. Setelah beberapa ', 'Ipratropium', 'Salbutamol/salbuterol', 'Codein', 'Eritromisin', 'Flixotide', 'a', 'Seorang laki-laki usia 60 tahun memiliki penyakit PPOK (Penyakit Paru Obstruksi Kronik), memiliki eksaserbasi akut dan mendapat obat inhalasi bronkodilator (ipratropium dan salbuterol/salbutamol, ????..), inhalasi fixotide, dia juga menderita infeksi dan diobati dengan eritromisin. Setelah beberapa hari dirawat inap dia mengeluh konstipasi, efek samping dari obat mana konstripasi tersebut?', '0000-00-00 00:00:00'),
(32, 'pr-s-Analisis', 'Bagaimana peran apoteker dalam pemesanan diazepam OGB', 'Langsung memesan ke PBF Kimia Farma', 'Surat pemesanan 4 rangkap', '1 surat pemesanan untuk 1 item yang ingin dipesan', 'Surat pemesanan 2 rangkap', 'Surat pemesanan ke PBF yang punya item tersebut', 'a', 'Bagaimana peran apoteker dalam pemesanan diazepam OGB', '0000-00-00 00:00:00'),
(33, 'pr-s-Analisis', 'Kontrol sterilisasi dengan menggunakan metode lempeng untuk menghitung jumlah koloni dalam menentukan sterilitasnya. Berapakah jumlah koloni dengan menggunakan metode lempeng dalam jumlah koloni/liter yang dapat dihitung atau dibagi', '10-50 koloni/liter', '10-100 koloni/liter', '20-200 koloni/liter', '30-300 koloni/liter', '40-400 koloni/liter', 'a', 'Kontrol sterilisasi dengan menggunakan metode lempeng untuk menghitung jumlah koloni dalam menentukan sterilitasnya. Berapakah jumlah koloni dengan menggunakan metode lempeng dalam jumlah koloni/liter yang dapat dihitung atau dibagi', '0000-00-00 00:00:00'),
(34, 'pr-s-Analisis', 'Seorang laki-laki berumur 73 tahun datang menemui dokter spesialis rheumatologi dengan keluhan nyeri pada persendiannya, kemudian laki-laki tersebut mengeluh tulangnya terasa sakit, terapi apa yang harus diberikan kepada pasien tersebut?', 'Glukosamin', 'Kondroitin', 'Glukosamin+kondroitin', 'Glukosamin+kortikosteroid', 'Kondroitin+ ???.', 'b', 'Seorang laki-laki berumur 73 tahun datang menemui dokter spesialis rheumatologi dengan keluhan nyeri pada persendiannya, kemudian laki-laki tersebut mengeluh tulangnya terasa sakit, terapi apa yang harus diberikan kepada pasien tersebut?', '0000-00-00 00:00:00'),
(35, 'pr-s-Analisis', 'Seorang ibu pergi ke apotek untuk membeli obat cacing untuk anaknya. Anaknya berumur 1,5 tahun  dengan berat badan 10 kg. Obat yang tersedia di apotek adalah 25 mg/ml sedangkan dosis yang harus diberikan adalah 10 mg/kg bb. Berapa volume cairan yang dibutuhkan?', '4 ml', '8 ml', '12 ml', '16 ml', '24 ml', 'b', 'Seorang ibu pergi ke apotek untuk membeli obat cacing untuk anaknya. Anaknya berumur 1,5 tahun  dengan berat badan 10 kg. Obat yang tersedia di apotek adalah 25 mg/ml sedangkan dosis yang harus diberikan adalah 10 mg/kg bb. Berapa volume cairan yang dibutuhkan?', '0000-00-00 00:00:00'),
(36, 'pr-s-Analisis', 'Pengadaan obat fast moving seperti amlodipin sangat penting karena pemenuhan kebutuhan pasien yang sangat tinggi. Cara analisisnya adalah:', 'cost effective analysis dan cost minimation analysis', 'cost reduction analysis dan cost environment', 'cost reduction analysis dan cost healtcare', 'marginal cost analysis dan opportunity cost analysis', '-', 'b', 'Pengadaan obat fast moving seperti amlodipin sangat penting karena pemenuhan kebutuhan pasien yang sangat tinggi. Cara analisisnya adalah:', '0000-00-00 00:00:00'),
(37, 'pr-s-Analisis', 'Seorang apoteker bekerja di industri ingin membuat tablet ibufrofen. Diketahui sifat zat ibufrofen tahan panas dan lembab, jika diberikan tekanan maka ada bagian tablet yang akan rapuh. Maka solusi pembuat tablet tersebut adalah?', 'Granulasi kering', 'Granulasi basah', 'Kempa langsung', 'Dry spray granul', '-', 'b', 'Seorang apoteker bekerja di industri ingin membuat tablet ibufrofen. Diketahui sifat zat ibufrofen tahan panas dan lembab, jika diberikan tekanan maka ada bagian tablet yang akan rapuh. Maka solusi pembuat tablet tersebut adalah?', '0000-00-00 00:00:00'),
(38, 'pr-s-Analisis', 'Seorang ibu membawa resep untuk anaknya (10 tahun), resep tersebut berisi Amoksilin sirup kering. Sebelum diminum amoksilin sirup kering tersebut harus di rekontitusi yaitu dilarutkan dalam air. Pada saat diberikan pada pasien, apoteker memberitahu cara penyimpanan obat amoksisilin yang sudah direko', 'Obat disimpan selama 3 hari', 'Obat disimpan selama 7 hari', 'Obat disimpan selama 14 hari', 'Obat disimpan selama 21 hari', 'Obat disimpan selama 28 hari', 'b', 'Seorang ibu membawa resep untuk anaknya (10 tahun), resep tersebut berisi Amoksilin sirup kering. Sebelum diminum amoksilin sirup kering tersebut harus di rekontitusi yaitu dilarutkan dalam air. Pada saat diberikan pada pasien, apoteker memberitahu cara penyimpanan obat amoksisilin yang sudah direkontitusi tersebut. Berapa lama obat tersebut disimpan?', '0000-00-00 00:00:00'),
(39, 'pr-s-Analisis', '\"Ikatan apoteker indonesia (IAI) menyelenggarakan CPD (continuing P development) tentang \"\"penatalaksanaan penyakit hipertensi\"\". Seorang apoteker bernama tini yg aktivitasnya bekerja di paviliun jantung disebuah rumah sakit ingin mengikuti acara tersebut, dalam siklus CPD sebelum tini mengikuti acr', 'Menghitung total SKP yang dihimpun', 'Mencari info jumlah SKP yang didapat pada kegiatan tersebut', 'Mencari tahu biaya untuk mengikuti acara tersebut', '?.... Kebutuhan aktivitas praktik', 'Mencari dan mengumpulkan artikel terkait topik acara tersebut', 'b', '\"Ikatan apoteker indonesia (IAI) menyelenggarakan CPD (continuing P development) tentang \"\"penatalaksanaan penyakit hipertensi\"\". Seorang apoteker bernama tini yg aktivitasnya bekerja di paviliun jantung disebuah rumah sakit ingin mengikuti acara tersebut, dalam siklus CPD sebelum tini mengikuti acra tsb harus melakukan tahap?\"', '0000-00-00 00:00:00'),
(40, 'pr-s-Analisis', 'Pada produksi antibiotik golongan beta laktam limbah produksinya direaksikan dengan NaOH selama 24 jam sebelum di alirkan ke bak penampungan limbah. apa fungsi mereaksikan limbah tersebut dengan NaOH?', 'Memecah cincin beta laktam', '-', '-', '-', '-', 'b', 'Pada produksi antibiotik golongan beta laktam limbah produksinya direaksikan dengan NaOH selama 24 jam sebelum di alirkan ke bak penampungan limbah. apa fungsi mereaksikan limbah tersebut dengan NaOH?', '0000-00-00 00:00:00'),
(41, 'pr-s-Analisis', 'Seorang pria datang ke IGD dengan keluhan sakit dada sebelah kiri sampai ke pundak kiri dan lengan sebelah kiri. Pria ini mempunyai riwayat hipertensi 5 tahun terakhir. Pria ini di diagnosis terkena serangan angina. Apa obat yg tepat untuk pria tersebut? ISDN', 'ISDN', '-', '-', '-', '-', 'b', 'Seorang pria datang ke IGD dengan keluhan sakit dada sebelah kiri sampai ke pundak kiri dan lengan sebelah kiri. Pria ini mempunyai riwayat hipertensi 5 tahun terakhir. Pria ini di diagnosis terkena serangan angina. Apa obat yg tepat untuk pria tersebut? ISDN', '0000-00-00 00:00:00'),
(42, 'pr-s-Analisis', 'R/ Bisakodil supp No.III | S1dd1 supp malam hari | Pasien mendapatkan informasi dari apoteker mengenai cara penyimpanan sediaan. Informasi apa yang diberikan?', 'Disimpan pada suhu kamar', 'Disimpan pada suhu kamar terkendali', 'Disimpan pada lemari pendingin', 'Disimpan dalam freezer', '-', 'b', 'R/ Bisakodil supp No.III | S1dd1 supp malam hari | Pasien mendapatkan informasi dari apoteker mengenai cara penyimpanan sediaan. Informasi apa yang diberikan?', '0000-00-00 00:00:00'),
(43, 'pr-s-Analisis', 'Seorang ibu datang ke apotek membawa resep untuk anaknya yang menderita infeksi, resepnya itu sebagai berikut:  | R/.........6 | R/.........4 | R/ CTM 2 | m.f pulv no X. | Berapakah isi CTM yg terdapat pada tiap bungkus?', '0,8', '1', '0, 2 mg', '4', '8', 'b', 'Seorang ibu datang ke apotek membawa resep untuk anaknya yang menderita infeksi, resepnya itu sebagai berikut:  | R/.........6 | R/.........4 | R/ CTM 2 | m.f pulv no X. | Berapakah isi CTM yg terdapat pada tiap bungkus?', '0000-00-00 00:00:00'),
(44, 'pr-s-Analisis', 'Industri farmasi sedang mengembangkan bentuk sediaan larutan dengan bahan aktif ibuprofen. Ibuprofen memiliki sifat sukar larut dalam air. Oleh karena itu, untuk meningkatkan kelarutan ditambahkan polimer hidrofilik. Metode apakah yang digunakan?', 'Kosolvensi', 'Solubilisasi', 'Kompleks inklusi', 'Dispersi padat', 'Pembentukan garam', 'b', 'Industri farmasi sedang mengembangkan bentuk sediaan larutan dengan bahan aktif ibuprofen. Ibuprofen memiliki sifat sukar larut dalam air. Oleh karena itu, untuk meningkatkan kelarutan ditambahkan polimer hidrofilik. Metode apakah yang digunakan?', '0000-00-00 00:00:00'),
(45, 'pr-s-Analisis', 'Seorang pria berusia 37 tahun pergi ke Apotek. Dibutuhkan obat tanpa resep yang menghambat fluktuasi asam. Obat yg tepat diberikan apoteker adalah?', 'Antasida dan simetidin', 'Antasida dan famotidin', 'Simetidin dan sukralfat', 'Simetidin dan omeprazol', 'Simetidin dan parasetamol', 'b', 'Seorang pria berusia 37 tahun pergi ke Apotek. Dibutuhkan obat tanpa resep yang menghambat fluktuasi asam. Obat yg tepat diberikan apoteker adalah?', '0000-00-00 00:00:00'),
(46, 'pr-s-Analisis', 'Seorang wanita 52 tahun mengeluh nyeri pada lutut dan tidak bisa berjalan. Data radiologi menghasilkan T-score -3,00. Dokter mendiagnosa osteoporosis. Obat apa yg disarankan untuk drug of choice ?', 'Kalsium dan vitamin D ', 'Vitamin b12', 'Bifosfonat', 'Kholkisin', '-', 'b', 'Seorang wanita 52 tahun mengeluh nyeri pada lutut dan tidak bisa berjalan. Data radiologi menghasilkan T-score -3,00. Dokter mendiagnosa osteoporosis. Obat apa yg disarankan untuk drug of choice ?', '0000-00-00 00:00:00'),
(47, 'pr-s-Analisis', 'Dokter anastesi membutuhkan 30 ml larutan lidokain 1% (BM 234). Apoteker menyiapkan obat dengan menggunakan lidokain HCL dengan (BM 288). Berapa mg lidokain HCl yang di perlukan?', '234,75', '300', '369,5', '812,23', '1230,..', 'b', 'Dokter anastesi membutuhkan 30 ml larutan lidokain 1% (BM 234). Apoteker menyiapkan obat dengan menggunakan lidokain HCL dengan (BM 288). Berapa mg lidokain HCl yang di perlukan?', '0000-00-00 00:00:00'),
(48, 'pr-s-Analisis', 'Seorang perempuan periksa ke dokter dengan keluhan sering berkeringat, tidak tahan panas, lemah otot, palpitasi. Dokter memeriksa dan hasilnya hipotiroid. Manakah yang yang sesuai untuk keluhan palpitasi?', 'Nifedipin', 'Furosemid ', 'Piroksikam', 'Verapamil ', '-', 'b', 'Seorang perempuan periksa ke dokter dengan keluhan sering berkeringat, tidak tahan panas, lemah otot, palpitasi. Dokter memeriksa dan hasilnya hipotiroid. Manakah yang yang sesuai untuk keluhan palpitasi?', '0000-00-00 00:00:00'),
(49, 'pr-s-Analisis', 'Perusahaan farmasi ingin membuat sediaan ODT orraly disintegrating tablet domperidon. Bahan superdesintegran yg cocok adalah? ', 'Amilum', 'Mikrokristalin selulosa', 'Primogel/ gycolat ', '-', '-', 'b', 'Perusahaan farmasi ingin membuat sediaan ODT orraly disintegrating tablet domperidon. Bahan superdesintegran yg cocok adalah? ', '0000-00-00 00:00:00'),
(50, 'pr-s-Analisis', 'Sebuah pabrik farmasi hendak membuat tablet herbal terstandar dari ekstrak umbi bawang putih. Diketahui data CoA fisiko-kimia ekstrak adalah sebagai berikut: kental, kompresibilitas rendah, higroskopisitas tinggi, tidak tahan terhadap panas.  Metode pembuatan tablet yang cocok adalah?', 'Granulasi kering.', 'Granulasi basah.', 'Granulasi pelelehan.', 'Semprot kering.', 'empa langsung.', 'b', 'Sebuah pabrik farmasi hendak membuat tablet herbal terstandar dari ekstrak umbi bawang putih. Diketahui data CoA fisiko-kimia ekstrak adalah sebagai berikut: kental, kompresibilitas rendah, higroskopisitas tinggi, tidak tahan terhadap panas.  Metode pembuatan tablet yang cocok adalah?', '0000-00-00 00:00:00'),
(51, 'pr-s-Analisis', 'Seorang wanita berusia (50 tahun) meminum susu yang sudah kadaluwarsa, antidotum yang tepat sebaiknya diberikan adalah?', 'Arang Aktif', 'NAC', 'MgSO2', 'Oralit', 'Tablet Zn', 'b', 'Seorang wanita berusia (50 tahun) meminum susu yang sudah kadaluwarsa, antidotum yang tepat sebaiknya diberikan adalah?', '0000-00-00 00:00:00'),
(52, 'pr-s-Analisis', 'Seorang ibu hamil mengeluh sakit perut bagian bawaj, setelah pemeriksaan urin terdapat bakteri gram negatif. Antibiotik apakah yang cocok diberikan?', 'Sefadroksil', 'Tetrasiklin', 'Penisilin', 'Sefotaksim', 'Seftriakson', 'b', 'Seorang ibu hamil mengeluh sakit perut bagian bawaj, setelah pemeriksaan urin terdapat bakteri gram negatif. Antibiotik apakah yang cocok diberikan?', '0000-00-00 00:00:00'),
(53, 'pr-s-Analisis', 'Seorang wanita 55 tahun mengeluh nyeri pada sendi dan dia menggunakan acetominofen sesuai dengan pengalaman kerabatnya, tetapi nyerinya tak kunjung berkurang. Sesuai apoteker obat apa yang sebaiknya anda rekomendasikan kepada ibu tersebut ? ', 'Indometasin', 'Acetominofen', 'Piroksikam', 'Meloxicam', '-', 'b', 'Seorang wanita 55 tahun mengeluh nyeri pada sendi dan dia menggunakan acetominofen sesuai dengan pengalaman kerabatnya, tetapi nyerinya tak kunjung berkurang. Sesuai apoteker obat apa yang sebaiknya anda rekomendasikan kepada ibu tersebut ? ', '0000-00-00 00:00:00'),
(54, 'pr-s-Analisis', 'Seorang wanita 56 tahun didiagnosa dokter kolesterolimia. dengan hasil pemeriksaan LAB : total kadar kolesterol 290 mm/ hg, LDL : 224 mm/ hg, HDL : 55 mm/ hg, tg : 55 mm/ hg. dokter memberikan obat simvastatin 10 mg sekali satu hari. informasi apa yang disampaikan kepasien tentang cara penggunaan ob', 'Diminum bersama makan pada pagi hari', 'Diminum bersama makan pada siang hari', 'Diminum sebelum makan pada siang hari', 'Diminum sebelum makan pada malam hari', 'Diminum sebelum tidur pada malam hari', 'b', 'Seorang wanita 56 tahun didiagnosa dokter kolesterolimia. dengan hasil pemeriksaan LAB : total kadar kolesterol 290 mm/ hg, LDL : 224 mm/ hg, HDL : 55 mm/ hg, tg : 55 mm/ hg. dokter memberikan obat simvastatin 10 mg sekali satu hari. informasi apa yang disampaikan kepasien tentang cara penggunaan obat.', '0000-00-00 00:00:00'),
(55, 'pr-s-Analisis', 'Pasien diberikan salep kolsipotriol 100 mg  untuk  pemakaian seluruh permukaan tubuh, pasien didiagnosa psoriasis vulgaris. Pemakaian salep tersebut hanya digunakan ke 20% permukaan tubuh sebanyak 2 kali sehari selama 14 hari. Berapa banyak salep yang harus didispensingkan kepada pasien tersebut ?', '12', '64', '84', '120', '560mg ', 'b', 'Pasien diberikan salep kolsipotriol 100 mg  untuk  pemakaian seluruh permukaan tubuh, pasien didiagnosa psoriasis vulgaris. Pemakaian salep tersebut hanya digunakan ke 20% permukaan tubuh sebanyak 2 kali sehari selama 14 hari. Berapa banyak salep yang harus didispensingkan kepada pasien tersebut ?', '0000-00-00 00:00:00'),
(56, 'pr-s-Analisis', 'Pasien diketahui DM 2 asidosis berat.. terapi yang perlu dilakukan adalah..', 'Larutan NaCl (rehidrasi) lanjutkan dengan insulin IV (RCI) lalu koreksi kalium, infus bikarbonat dan antibiotik bila perlu.', '-', '-', '-', '-', 'b', 'Pasien diketahui DM 2 asidosis berat.. terapi yang perlu dilakukan adalah..', '0000-00-00 00:00:00'),
(57, 'pr-s-Analisis', 'Seorang perempuan berusia 25 tahun mengeluh nyeri pada lambung,mual,muntah yg berlebihan.pasien memiliki riwayat penyakit magh kronis. Dokter menyuruh pasien tes laboratorium.hasil tes laboratorium menunjukkan pasien mengalami penyakit ulkus peptik yang disebabkan oleh h.pylori. Pilihan  terapi apa ', 'Antasida,ranitidin,omeprazole', 'Ranitidin,sukralfat,omeprazole', 'Antasida,sukralfat,omeprazole', 'Antasida,klaritromisin,ranitidine', 'Omeprazol,klaritromisin,metronidazole', 'b', 'Seorang perempuan berusia 25 tahun mengeluh nyeri pada lambung,mual,muntah yg berlebihan.pasien memiliki riwayat penyakit magh kronis. Dokter menyuruh pasien tes laboratorium.hasil tes laboratorium menunjukkan pasien mengalami penyakit ulkus peptik yang disebabkan oleh h.pylori. Pilihan  terapi apa yg tepat untuk mengobati kondisi pasien?', '0000-00-00 00:00:00'),
(58, 'pr-s-Analisis', 'Seorang wanita pergi kepuskesmas, dia menderita penyakit tukak dan diberi obat sebagai berikut : 1. Ranitidin 2. Antasida  3. Vit. B  4. Amoksilin | Manakah yang menyebabkan kejang perut ?', 'Ranitidin', 'Antasida ', 'Vit. B', 'Amoksilin ', '-', 'b', 'Seorang wanita pergi kepuskesmas, dia menderita penyakit tukak dan diberi obat sebagai berikut : 1. Ranitidin 2. Antasida  3. Vit. B  4. Amoksilin | Manakah yang menyebabkan kejang perut ?', '0000-00-00 00:00:00'),
(59, 'pr-s-Analisis', 'Pasien hamil 3 bulan dan sedang mendapatkan terapi TB. Obat yang diminum adalah Rifampisin, INH, Pirazinamid, Streptomisin , dan Etambutol. Obat manakah yang beresiko bagi pasien tersebut?', 'Rifampisin', 'INH', 'Pirazinamid', 'Streptomisin', 'Etambutol', 'b', 'Pasien hamil 3 bulan dan sedang mendapatkan terapi TB. Obat yang diminum adalah Rifampisin, INH, Pirazinamid, Streptomisin , dan Etambutol. Obat manakah yang beresiko bagi pasien tersebut?', '0000-00-00 00:00:00'),
(60, 'pr-s-Analisis', 'Seorang ibu usia 60 tahun tahun mengkonsumsi warfari. Beberapa hari terakhir ibu tersebut menderita ulkus dan mengkonsumsi simetidin. Ibu tersebut mengalami pendarahan. Apa yang menyebabkannya ? ', 'peningkatan absorbs warfarin ', 'penghambatan distribusi warfarin', 'penghambatan metabolisme warfarin', 'peningkatan eksresi warfarin.', '-', 'b', 'Seorang ibu usia 60 tahun tahun mengkonsumsi warfari. Beberapa hari terakhir ibu tersebut menderita ulkus dan mengkonsumsi simetidin. Ibu tersebut mengalami pendarahan. Apa yang menyebabkannya ? ', '0000-00-00 00:00:00'),
(61, 'pr-s-Analisis', 'Seorang perempuan dewasa pergi ke apotek dengan membawa resep untuk menebus obat dexamethasone 0,5 mg 2 x 1 untuk mengobati penyakit asma kroniknya. Ketika apoteker akan menyerahkan obat tersebut diberitahukan bahwa efek samping obat tersebut adalah moonface. Bagaimana mekanisme terjadinya efek samp', 'Meretensi natrium dan air', 'Mensekresikan natrium dan air', 'Menginhibisi fungsi adrenokortikal ', 'Mempenetrasi natrium dan air', 'Menginduksi fungsi adrenorkotikal', 'b', 'Seorang perempuan dewasa pergi ke apotek dengan membawa resep untuk menebus obat dexamethasone 0,5 mg 2 x 1 untuk mengobati penyakit asma kroniknya. Ketika apoteker akan menyerahkan obat tersebut diberitahukan bahwa efek samping obat tersebut adalah moonface. Bagaimana mekanisme terjadinya efek samping tersebut ?', '0000-00-00 00:00:00'),
(62, 'pr-s-Analisis', 'Seorang wanita berusia 60 tahun datang ke apotek inigin membeli obat untuk osteoporisisnya. Hasil laboratorium yang dibawa pasien menunnjukkan nilai skor T -3. Maka sebagai apoteker obat apa yang akan direkomendasikan kepada pasien ?', 'Kalsium', 'Vitamin D', 'Bifosfonat', 'Raloxifen', 'Kalsitonis', 'b', 'Seorang wanita berusia 60 tahun datang ke apotek inigin membeli obat untuk osteoporisisnya. Hasil laboratorium yang dibawa pasien menunnjukkan nilai skor T -3. Maka sebagai apoteker obat apa yang akan direkomendasikan kepada pasien ?', '0000-00-00 00:00:00'),
(63, 'pr-s-Analisis', 'Seorang pasien memiliki tes gallculture positif yang menandakan bahwa pasien tersebut menderita penyakit typus. Pilihan obat apa yang digunakan untuk menangani penyakit tersebut ', 'Azitromisin', 'Kloramfenikol ', 'Ciprofloxacin', 'Gentamisin', 'Amoxicillin', 'b', 'Seorang pasien memiliki tes gallculture positif yang menandakan bahwa pasien tersebut menderita penyakit typus. Pilihan obat apa yang digunakan untuk menangani penyakit tersebut ', '0000-00-00 00:00:00'),
(64, 'pr-s-Analisis', 'Seorang pria berumur 46 tahun mengeluh mual, muntah dan pusing akibat keracunan singkong yang berisi sianida. Obat apa yang akan diberikan ?', 'Dietilmerkupro propanolol', 'Atropin sulfat', 'Kalsium fosfat', 'Kalsium bismut', 'Natrium tiosulfat', 'b', 'Seorang pria berumur 46 tahun mengeluh mual, muntah dan pusing akibat keracunan singkong yang berisi sianida. Obat apa yang akan diberikan ?', '0000-00-00 00:00:00'),
(65, 'pr-s-Analisis', 'Seorang ibu berumur 70 tahun masuk rumah sakit untuk menjalani pengobatan jantung, dia mendapat terapi digoksin. Faktor fisiologis apa yang dapat mempengaruhi farmakokinetika digoksin?', 'Penurunan alfa-glukosidase', 'Penurunan fungsi ginjal', 'Peningkatan pH', 'Penurunan pH', 'Penurunan fungsi hati', 'b', 'Seorang ibu berumur 70 tahun masuk rumah sakit untuk menjalani pengobatan jantung, dia mendapat terapi digoksin. Faktor fisiologis apa yang dapat mempengaruhi farmakokinetika digoksin?', '0000-00-00 00:00:00'),
(66, 'pr-s-Analisis', 'Perusahaan PBF membeli bahan baku paracetamo. Bahan baku tersebut diterima dengan sertifikat analisis CoA. Pada CoA hasil analisis kadar bahan baku tertulis 100%. Pada bagian QC memeriksa kembali kadar bahan baku tersebut dan hasil yang didapat yaitu 99%. Apakah bahan baku tersebut dapat diluluskan?', 'Dapat, karena telah melakukan validasi zat aktif dari bahan baku', 'Dapat, karena memenuhi standar yang sesuai pad FI', 'Tidak karena tidak memenuhi hasil analisis kadar yang 100%', 'Dapat karena berpatokan pada kadar yang tertera pada FI', 'Tidak, karena dapat merubah farmakologi dari bahan baku', 'b', 'Perusahaan PBF membeli bahan baku paracetamo. Bahan baku tersebut diterima dengan sertifikat analisis CoA. Pada CoA hasil analisis kadar bahan baku tertulis 100%. Pada bagian QC memeriksa kembali kadar bahan baku tersebut dan hasil yang didapat yaitu 99%. Apakah bahan baku tersebut dapat diluluskan?', '0000-00-00 00:00:00'),
(67, 'pr-s-Analisis', 'Seorang dokter ingin meresepkan kepada pasien yang mendetita DM tipa 2 untuk mengatasi hormon inkretin dan post prandial (setelah makan) yang tidak teratur, pilihan obat yang dapat disarankan yaitu :', 'Pioglitazon', 'Rosiglitazon ', 'Vildagliptin', 'Metformin ', 'Akarbose ', 'b', 'Seorang dokter ingin meresepkan kepada pasien yang mendetita DM tipa 2 untuk mengatasi hormon inkretin dan post prandial (setelah makan) yang tidak teratur, pilihan obat yang dapat disarankan yaitu :', '0000-00-00 00:00:00'),
(68, 'pr-s-Analisis', 'Seorang pasien laki-laki dewasa didiagnosa pneumonia aspirasi, diberikan injeksi antibiotik empiris selama 4 hari, namun pasien tersebut tetap mengalami demam dan leukositosis. Pasien telah melakukan uji kultur dan sensitivitas dari sputum di hari pertama. Saran apoteker kepada dokter yang merawat p', 'Mengganti antibiotik berdasarkan uji kultur dan sesntivitas', 'Mengulang uji kultur dan sensitivitas untuk pilihan antibiotik', 'Meneruskan pemakaian antibiotik', 'Menghentikan pemakaian antibiotik', 'Menambah pemakaian antibiotik', 'b', 'Seorang pasien laki-laki dewasa didiagnosa pneumonia aspirasi, diberikan injeksi antibiotik empiris selama 4 hari, namun pasien tersebut tetap mengalami demam dan leukositosis. Pasien telah melakukan uji kultur dan sensitivitas dari sputum di hari pertama. Saran apoteker kepada dokter yang merawat pasien tersebut adalah :', '0000-00-00 00:00:00'),
(69, 'pr-s-Analisis', 'Seorang laki-laki berumur 30 tahun menderita TBC, diberikan terapi obit Rimpamfisin, Pirazinamid, INH, Vitamin B6, etambutol dan ambroxol. Tujuan dari pemberian Vitamin B6 adalah?', 'Mengurangi ES dari Rimpamfisin', 'Mengurangi ES dari Pirazinamid', 'Mengurangi ES dari INH', 'Mengurangi ES dari Dextrometorfan', 'Mengurangi ES dari Ambroxol', 'b', 'Seorang laki-laki berumur 30 tahun menderita TBC, diberikan terapi obit Rimpamfisin, Pirazinamid, INH, Vitamin B6, etambutol dan ambroxol. Tujuan dari pemberian Vitamin B6 adalah?', '0000-00-00 00:00:00'),
(70, 'pr-s-Analisis', 'Seorang laki-laki berusia 55 tahun mendapatkan resep yang berisi tablet ampisilin 500mg dan tablet sulbaktam. Apakah alasan pemberian kombinasi obat tersebut?', 'Mengurangi efek samping', 'Mengurangi efek toksik', 'Mencegah syok anafilaktik', 'Meningkatkan efikasi', 'Mengurangi dosis obat', 'b', 'Seorang laki-laki berusia 55 tahun mendapatkan resep yang berisi tablet ampisilin 500mg dan tablet sulbaktam. Apakah alasan pemberian kombinasi obat tersebut?', '0000-00-00 00:00:00'),
(71, 'pr-s-Analisis', 'Suatu industri farmasi akan memproduksi suatu sediaan kapsul, salah satu persyaratan yang harus dipenuhi adalah uji disolusi. Alat manakah yang harus digunakan?', 'Disolusi tipe 1', 'Disolusi tipe 2', 'Disolusi tipe 3', 'Disolusi tipe 4', 'Disolusi tipe 5', 'b', 'Suatu industri farmasi akan memproduksi suatu sediaan kapsul, salah satu persyaratan yang harus dipenuhi adalah uji disolusi. Alat manakah yang harus digunakan?', '0000-00-00 00:00:00'),
(72, 'pr-s-Analisis', 'Seorang pasien mendapatkan Resep sirup kering Amoxicillin dengan tanda S 2 dd cth 1 ac. Aturan pakai apakah yang akan ditulis di etiket ?', '1 kali sehari 1 sendok teh sebelum makan', '1 kali sehari 1 sendok teh setelah makan', '2 kali sehari 1 sendok teh sebelum makan', '2 kali sehari 1 sendok teh setelah makan', '3 kali sehari 1 sendok teh saat makan', 'b', 'Seorang pasien mendapatkan Resep sirup kering Amoxicillin dengan tanda S 2 dd cth 1 ac. Aturan pakai apakah yang akan ditulis di etiket ?', '0000-00-00 00:00:00'),
(73, 'pr-s-Analisis', 'Dalam melaksanakan pharmaceutical care, yang perlu diperhatikan yaitu drug related problem (DRP?s) dengan kasus penggunaan amlodipin dalam penanganan hipertensi dengan target pemenuhan kebutuhan adalah :', 'Adanya indikasi yang tidak terobati', 'Pemilihan obat yang tidak tepat', 'Dosis terlalu rendah', 'Ketidakpatuhan pasien', 'Terjadinya efek samping', 'b', 'Dalam melaksanakan pharmaceutical care, yang perlu diperhatikan yaitu drug related problem (DRP?s) dengan kasus penggunaan amlodipin dalam penanganan hipertensi dengan target pemenuhan kebutuhan adalah :', '0000-00-00 00:00:00'),
(74, 'pr-s-Analisis', 'Laki-laki dewasa mendapatkan obat Asam asetil salisilat 500 mg.  Reaksi apa yang akan terjadi?', 'Hidroksi', 'Oksidasi', 'Reduksi', 'Substitusi', 'Adisi', 'b', 'Laki-laki dewasa mendapatkan obat Asam asetil salisilat 500 mg.  Reaksi apa yang akan terjadi?', '0000-00-00 00:00:00'),
(75, 'pr-s-Analisis', 'Anak umur 8 tahun dengan penyakit infeksi. Antibiotik dapat menyebabkan pewarnaan gigi dan tulang. Maka dibawah ini antibiotik yang paling tepat diberikan adalah?', 'Amoksisilin', 'Gentamicin', 'Eritromisin', 'Klindamisin', 'Tetrasiklin ', 'b', 'Anak umur 8 tahun dengan penyakit infeksi. Antibiotik dapat menyebabkan pewarnaan gigi dan tulang. Maka dibawah ini antibiotik yang paling tepat diberikan adalah?', '0000-00-00 00:00:00'),
(76, 'pr-s-Analisis', 'Seorang pria brumur 45 thun. Berat badan 50 kg, didiagnosa mendrita stroke ischemic, tekanan darah 200/130. Memiliki keadaan fisik yg lemah. Obat apa yang disarankan untuk menurunkn tekanan darah dari pasien tersebut?', 'Valsartan', 'Lisinopril', 'Doksasozin', 'Nipedifin', 'Bisoprolol.', 'b', 'Seorang pria brumur 45 thun. Berat badan 50 kg, didiagnosa mendrita stroke ischemic, tekanan darah 200/130. Memiliki keadaan fisik yg lemah. Obat apa yang disarankan untuk menurunkn tekanan darah dari pasien tersebut?', '0000-00-00 00:00:00'),
(77, 'pr-s-Analisis', 'Ibu hamil 8 bulan mengalami gejala nyeri perut bagian bawah, menderita disuria 48 jam tanpa demam, dari hasil urin terdapat bakteri gram negatif AB apa yang disarankan?', 'Sefadroksil ', 'Klotrimoksazol', 'Penisilin ', 'Sefadroksil ', '-', 'b', 'Ibu hamil 8 bulan mengalami gejala nyeri perut bagian bawah, menderita disuria 48 jam tanpa demam, dari hasil urin terdapat bakteri gram negatif AB apa yang disarankan?', '0000-00-00 00:00:00'),
(78, 'pr-s-Analisis', 'dilakukan uji stabilitas jangka panjang untuk tablet asetosal, uji ini dilakukan untuk melihat pengaruhnya terhadap lingkungan baik suhu dan kelembaban. Berapa suhu dan kelembaban relatifnya?', '20 + 20 ?C dan 50 + 5%', '25 + 20 ?C dan 55 + 5%', '30 + 20 ?C dan 60 + 5%', '35 + 20 ?C dan 65 + 5%', '40 + 20 ?C dan 75 + 5%', 'b', 'dilakukan uji stabilitas jangka panjang untuk tablet asetosal, uji ini dilakukan untuk melihat pengaruhnya terhadap lingkungan baik suhu dan kelembaban. Berapa suhu dan kelembaban relatifnya?', '0000-00-00 00:00:00'),
(79, 'pr-s-Analisis', 'Pasien usia 20 tahun membawa resep tramadol sebanyak 80 tablet dengan signa 3 x 1. Sebagai apoteker, apa yang anda lakukan?', 'Memberikan seluruhnya', 'Memberikan setengahnya', 'Menghubungi dokter dulu', 'Merubah aturan pakai', 'Menolak resep', 'b', 'Pasien usia 20 tahun membawa resep tramadol sebanyak 80 tablet dengan signa 3 x 1. Sebagai apoteker, apa yang anda lakukan?', '0000-00-00 00:00:00'),
(80, 'pr-s-Analisis', 'Bagian kontrol kualitas industri farmasi melakukan kualifikasi LAF (Laminar Air Flow) berkala. Dari hasil pengujian ditemukan pertumbuhan 5 koloni bakteri. Untuk memastikan ada/tidaknya kebocoran maka dilakukan uji kecepatan aliran udara. Persyaratan kecepatan aliran udara yang ditetapkan adalah:', '0,35 m/detik', '0,45 m/detik', '0,55 m/detik', '0,65 m/detik', '0,75 m/detik', 'b', 'Bagian kontrol kualitas industri farmasi melakukan kualifikasi LAF (Laminar Air Flow) berkala. Dari hasil pengujian ditemukan pertumbuhan 5 koloni bakteri. Untuk memastikan ada/tidaknya kebocoran maka dilakukan uji kecepatan aliran udara. Persyaratan kecepatan aliran udara yang ditetapkan adalah:', '0000-00-00 00:00:00'),
(81, 'pr-s-Analisis', 'Seorang wanita berusia 25 tahun datang ke klinik dokter mengeluh bengkak pada leher sebelah kanan dan kiri, ketika diperiksa wanita tersebut juga mengeluh palpitasi dan demam. Dokter meresepkan obat paracetamol sehari tiga kali diminum setelah makan. Indikasi obat tersebut digunakan untuk?', 'Analgetik ? antipiretik', 'Analgetik ? antiinflamasi', 'Antipiretik ? antiinflamasi', 'Analgetik ? antiplatelet', 'Antipiretik - antiplatelet', 'b', 'Seorang wanita berusia 25 tahun datang ke klinik dokter mengeluh bengkak pada leher sebelah kanan dan kiri, ketika diperiksa wanita tersebut juga mengeluh palpitasi dan demam. Dokter meresepkan obat paracetamol sehari tiga kali diminum setelah makan. Indikasi obat tersebut digunakan untuk?', '0000-00-00 00:00:00'),
(82, 'pr-s-Analisis', 'Di Rumah Sakit apoteker mendapat permintaan dari dokter larutan injeksi famotidin 25mg dalam 100ml larutan dekstrosa 5%. Berapa ml larutan injeksi famotidin yang diperlukan jika yang tersedia adalah 10mg/ml?', '0,5', '2', '2,5', '5', '7,5', 'b', 'Di Rumah Sakit apoteker mendapat permintaan dari dokter larutan injeksi famotidin 25mg dalam 100ml larutan dekstrosa 5%. Berapa ml larutan injeksi famotidin yang diperlukan jika yang tersedia adalah 10mg/ml?', '0000-00-00 00:00:00'),
(83, 'pr-s-Analisis', 'Seorang perempuan terkena kanker, diberi kemoterapi injeksi paklitaxel. Pada tahap mitosis, pada siklus sel mana obat akan bekerja?', 'Anafase', 'Interfase', 'Metafase', 'Profase', 'Telofase', 'b', 'Seorang perempuan terkena kanker, diberi kemoterapi injeksi paklitaxel. Pada tahap mitosis, pada siklus sel mana obat akan bekerja?', '0000-00-00 00:00:00'),
(84, 'pr-s-Analisis', 'Perempuan usia 26 tahun menggunakan kontrasepsi oral kombinasi estrogen-progestin. Efek samping jangka panjang penggunaan kombinasi obat tersebut?', 'Kelelahan', 'Susah tidur', 'Hipertensi', 'Diabetes Melitus', 'Gatal-gatal', 'b', 'Perempuan usia 26 tahun menggunakan kontrasepsi oral kombinasi estrogen-progestin. Efek samping jangka panjang penggunaan kombinasi obat tersebut?', '0000-00-00 00:00:00'),
(85, 'pr-s-Analisis', 'Seorang laki laki berusia 30 tahun dibawa ke IGD karena keracunan metanol. Antidot untuk mengatasi kasus di atas adalah?', 'Diazepam', 'Etanol', 'Fenobarbital', 'Fenitoin', 'Flumazenil', 'b', 'Seorang laki laki berusia 30 tahun dibawa ke IGD karena keracunan metanol. Antidot untuk mengatasi kasus di atas adalah?', '0000-00-00 00:00:00'),
(86, 'pr-s-Analisis', 'Tujuan dari intravena Insulin, kecuali adalah?', 'Menghambat glikolisis', 'Menghambat glukoneogenesis', 'Menghambat lipolisis', 'Menghambat proteolysis', '-', 'b', 'Tujuan dari intravena Insulin, kecuali adalah?', '0000-00-00 00:00:00');
INSERT INTO `soal` (`id_soal`, `kode_soal`, `pertanyaan`, `jawaban_a`, `jawaban_b`, `jawaban_c`, `jawaban_d`, `jawaban_e`, `kunci_soal`, `pembahasan_soal`, `created`) VALUES
(87, 'pr-s-Analisis', 'Seorang dewasa menderita penyakit asma diberikan teofilin sebagai bronkodilator. Selain itu mengkonsumsi teh dan kopi dapat meningkatkan efek samping dari obat tersebut. Senyawa apa yang dapat meningkatkan efek samping tersebut?', 'Alkaloid', 'Steroid', 'Xantin', 'Flavanoid', 'Terpenoid', 'b', 'Seorang dewasa menderita penyakit asma diberikan teofilin sebagai bronkodilator. Selain itu mengkonsumsi teh dan kopi dapat meningkatkan efek samping dari obat tersebut. Senyawa apa yang dapat meningkatkan efek samping tersebut?', '0000-00-00 00:00:00'),
(88, 'pr-s-Analisis', 'Seorang anak usia 6 tahun mempunyai riwayat asma, pergi jalan-jalan ke luar kota dengan suhu dingin, sediaan apa yang paling tepat pada pasien tersebut?', 'Tablet', 'Inhalasi terbutalin', 'Inhalasi Ipatropium Bromida', 'Inhalasi glukokortikoid', 'Tablet kortikoid', 'b', 'Seorang anak usia 6 tahun mempunyai riwayat asma, pergi jalan-jalan ke luar kota dengan suhu dingin, sediaan apa yang paling tepat pada pasien tersebut?', '0000-00-00 00:00:00'),
(89, 'pr-s-Analisis', 'Seorang wanita berusia 70 tahun dirawat di rumah sakit karena penyakit jantung yang dideritanya, dia mendapatkan terapi digoksin untuk penyakit jantungnya. Dibawah ini manakah fisiologi/metabolisme yang dapat mempengaruhi farmakokinetika dari digoksin ?', 'Penurunan a-glukuprotein', 'Penurunan fungsi hepar', 'Penurunan pH', 'Penaikan pH', 'Penurunan fungsi ginjal', 'b', 'Seorang wanita berusia 70 tahun dirawat di rumah sakit karena penyakit jantung yang dideritanya, dia mendapatkan terapi digoksin untuk penyakit jantungnya. Dibawah ini manakah fisiologi/metabolisme yang dapat mempengaruhi farmakokinetika dari digoksin ?', '0000-00-00 00:00:00'),
(90, 'pr-s-Analisis', 'Seorang perempuan 28 tahun menderita TB. Sedang mendapatkan terapi intensif FDC dan streptomisin. Setelah 2 bulan terapi dia hamil. Obat apa yg harus dihindari dari pegunaan obat pasien tersebut ?', 'Rifampisin', 'INH ', 'Eritromisin', 'Pirazinamide', 'Streptomisin', 'b', 'Seorang perempuan 28 tahun menderita TB. Sedang mendapatkan terapi intensif FDC dan streptomisin. Setelah 2 bulan terapi dia hamil. Obat apa yg harus dihindari dari pegunaan obat pasien tersebut ?', '0000-00-00 00:00:00'),
(91, 'pr-s-Analisis', 'Pasien laki-laki umur 50 tahun dating dengan keluhan nyeri dada bagian kiri menjalar hingga ke lengan kiri dan punggung, pemeriksaan elektrokardogram menunjukkan abnormal dan menunjukkan ST elevasi, pasien mengalami dyslipidemia dan hipertensi selama 5 tahun. Terapi apa yang dibutuhkan pasien terseb', 'Aspirin', 'Propranolol', 'Simvastatin', 'ISDN', '-', 'b', 'Pasien laki-laki umur 50 tahun dating dengan keluhan nyeri dada bagian kiri menjalar hingga ke lengan kiri dan punggung, pemeriksaan elektrokardogram menunjukkan abnormal dan menunjukkan ST elevasi, pasien mengalami dyslipidemia dan hipertensi selama 5 tahun. Terapi apa yang dibutuhkan pasien tersebut ?', '0000-00-00 00:00:00'),
(92, 'pr-s-Analisis', 'Seorang perempuan (42 tahun) mengeluh setiap pagi merasakan kekakuan pada sendi selama beberapa jam, kelelahan berlebihan, nyeri sendi dan otot. Dokter mendiagnosa pasien pasien remautoid arthritis. Manakah obat yang direkomendasikan?', 'Sulfasalazine', 'Na diklofenak', 'Metrotreksat', 'Prednisone', '-', 'b', 'Seorang perempuan (42 tahun) mengeluh setiap pagi merasakan kekakuan pada sendi selama beberapa jam, kelelahan berlebihan, nyeri sendi dan otot. Dokter mendiagnosa pasien pasien remautoid arthritis. Manakah obat yang direkomendasikan?', '0000-00-00 00:00:00'),
(93, 'pr-s-Analisis', 'Proses Produksi obat golongan antibiotik beta laktam , limbah direaksikan dengan NaOH selama 24 jam. Sebelum limbah dialirkan ke bak penampung. Apa fungsi NaOH ?', 'Memutuskan cincin beta lactam', 'Reaksi hidrolisis', 'Sebagai katalisator', 'Mencegah pencemaran', '-', 'b', 'Proses Produksi obat golongan antibiotik beta laktam , limbah direaksikan dengan NaOH selama 24 jam. Sebelum limbah dialirkan ke bak penampung. Apa fungsi NaOH ?', '0000-00-00 00:00:00'),
(94, 'pr-s-Analisis', 'Industri  Bahan  Baku Ekstrak  akan membuat  ekstrak  Allium sativum L.Untuk obat antihipertensi. Berdasarkan data literatur umbi tersebut tidaktahan terhadap panas. Metode apakah yang digunakan untuk mengekstraksenyawa tersebut?', 'Refluks', 'Maserasi', 'Dekoktasi', 'Infus', 'Sokletasi', 'b', 'Industri  Bahan  Baku Ekstrak  akan membuat  ekstrak  Allium sativum L.Untuk obat antihipertensi. Berdasarkan data literatur umbi tersebut tidaktahan terhadap panas. Metode apakah yang digunakan untuk mengekstraksenyawa tersebut?', '0000-00-00 00:00:00'),
(95, 'pr-s-Analisis', 'Industri farmasi ingin mengembangkan bentuk sediaan larutan dengan bahan aktif ibuprofen, dengan sifat sukar larut air, untuk meningkatkan kelarutan maka digunakan polimer hidrofilik. Metode apa yang sesuai untuk pengembangan sediaan tersebut?', 'Kosolven', 'Solubilisasi', 'Kompleks inklusi', 'Disperse padat', 'Pembentukan garam', 'b', 'Industri farmasi ingin mengembangkan bentuk sediaan larutan dengan bahan aktif ibuprofen, dengan sifat sukar larut air, untuk meningkatkan kelarutan maka digunakan polimer hidrofilik. Metode apa yang sesuai untuk pengembangan sediaan tersebut?', '0000-00-00 00:00:00'),
(96, 'pr-s-Analisis', 'Seorang laki-laki berumur 55 tahun membawa resep dari dokter nefrolog, mendapatkan obat Amlodipin 1 dd 10mg, captopril 3 dd 25mg, kalsium karbonas 3 dd 500mg, saat memperoleh obat pasien ingin mengetahui manfaat dan tujuan dari pemberian obat tersebut. Tujuan pemberian dari kalsium karbonas adalah?', 'Penghambat fosfat', 'Antasida', 'Suplemen kalsium', 'Stabilitas jantung', 'Menghindari asidosis', 'b', 'Seorang laki-laki berumur 55 tahun membawa resep dari dokter nefrolog, mendapatkan obat Amlodipin 1 dd 10mg, captopril 3 dd 25mg, kalsium karbonas 3 dd 500mg, saat memperoleh obat pasien ingin mengetahui manfaat dan tujuan dari pemberian obat tersebut. Tujuan pemberian dari kalsium karbonas adalah?', '0000-00-00 00:00:00'),
(97, 'pr-s-Analisis', 'R/ prednisone 8 mg | Mf pulv dtd no VI | S 3 dd 1 pulv | Berapa tablet yang diperlukan?', '2 tablet', '5 tablet 10 mg', '10 tablet', '12 tablet', '15 tablet', 'b', 'R/ prednisone 8 mg | Mf pulv dtd no VI | S 3 dd 1 pulv | Berapa tablet yang diperlukan?', '0000-00-00 00:00:00'),
(98, 'pr-s-Analisis', 'Seorang pasien diberikan obat lovastatin dengan pemakaian 1x1 untuk mengobati penyakit kolesterol yang dia derita kemudian diberikan juga azatimibe pemakaian 1x1Antihiperlipid apa yang bekerja di saluran cerna?', 'Kolestiramin', 'Klorfibrat', 'Resin', '-', '-', 'b', 'Seorang pasien diberikan obat lovastatin dengan pemakaian 1x1 untuk mengobati penyakit kolesterol yang dia derita kemudian diberikan juga azatimibe pemakaian 1x1Antihiperlipid apa yang bekerja di saluran cerna?', '0000-00-00 00:00:00'),
(99, 'pr-s-Analisis', 'Pasien mengeluh nyeri pada dada, lengan, siku. Dokter mendiagnosa pasien penyakit angina. Golongan obat apa yang diberikan pada pasien tersebut?', 'ARB', 'CCB', 'Beta bloker', 'Antiplatelet', 'Nitrat ', 'b', 'Pasien mengeluh nyeri pada dada, lengan, siku. Dokter mendiagnosa pasien penyakit angina. Golongan obat apa yang diberikan pada pasien tersebut?', '0000-00-00 00:00:00'),
(100, 'pr-s-Analisis', 'Seorang pria 60 tahun telah melakukan diet lemak selama 3 bulan. Setalah di laboratorium, hasil darahnya menyatakan kadar TG 190 mg/dl, LDL 190 mg/dl, dan HDL50mg/dl. Sebagai apoteker rekomendasi terapi apakah yang diberikan untuk keadaan pria tersebut?', 'Cleveramin', 'Ezetimib', 'Fenofibrat', 'Statin', 'Simvastatin', 'b', 'Seorang pria 60 tahun telah melakukan diet lemak selama 3 bulan. Setalah di laboratorium, hasil darahnya menyatakan kadar TG 190 mg/dl, LDL 190 mg/dl, dan HDL50mg/dl. Sebagai apoteker rekomendasi terapi apakah yang diberikan untuk keadaan pria tersebut?', '0000-00-00 00:00:00'),
(101, 'pr-s-Analisis', 'Industri farmasi sedang mengembangkan tablet amoksisilin 500. Sebagai standar persyartan harus dibuat kemasan luar/karton dan diberi logo. Logo yang harsu dicantumkan dalam kemasan yaitu?', 'Lingkaran berwarna hijau', 'Lingkaran berwarna biru', 'Lingkaran putih logo merah', 'Lingkaran merah dengan tanda K', 'Lingkaran hijau bergaris', 'b', 'Industri farmasi sedang mengembangkan tablet amoksisilin 500. Sebagai standar persyartan harus dibuat kemasan luar/karton dan diberi logo. Logo yang harsu dicantumkan dalam kemasan yaitu?', '0000-00-00 00:00:00'),
(102, 'pr-s-Analisis', 'Seorang pasien laki-laki dibawa ke ugd diakibatkan keracunan singkong diketahui keracunan sianida. Antidote yang harus diberikan?', 'Natrium sulfat', 'Feri sulfat', 'Natrium tiosulfat', 'Natrium bikarbonat', '-', 'b', 'Seorang pasien laki-laki dibawa ke ugd diakibatkan keracunan singkong diketahui keracunan sianida. Antidote yang harus diberikan?', '0000-00-00 00:00:00'),
(103, 'pr-s-Analisis', 'Seorang pasien perempuan berumur 35 tahun. Mendatangi apotek untuk meminta informasi obat. Dia meminta informasi tentang obat untuk menunda menstruasi karena 1 minggu ke depan akan ibadah umrah. Sebagai apoteker obat apa yang direkomendasikan?', 'Epimegastrol', 'Estradiol valerat', 'Nomegastrol', 'Noristeron', 'Spirasteron', 'b', 'Seorang pasien perempuan berumur 35 tahun. Mendatangi apotek untuk meminta informasi obat. Dia meminta informasi tentang obat untuk menunda menstruasi karena 1 minggu ke depan akan ibadah umrah. Sebagai apoteker obat apa yang direkomendasikan?', '0000-00-00 00:00:00'),
(104, 'pr-s-Analisis', 'Pabrik farmasi akan membuat injeksi kering seftriakson, sebelum pembuatan mereka mencuci vial agar memenuhi standar cpob. Ruang untuk emncuci vial termasuk kualifikasi pada kelas?', 'Kelas A', 'Kelas B', 'Kelas C', 'Kelas D', 'Kelas E', 'b', 'Pabrik farmasi akan membuat injeksi kering seftriakson, sebelum pembuatan mereka mencuci vial agar memenuhi standar cpob. Ruang untuk emncuci vial termasuk kualifikasi pada kelas?', '0000-00-00 00:00:00'),
(105, 'pr-s-Analisis', 'Seorang ibu pergi ke apotek hendak membeli ciprofloksasin 500mg sebanyak 20 tablet, tanpa resep dokter untuk suaminya yang terkena infeksi. Apoteker tidak memberikan, apa alasan yang tepat yang diberikan apoteker?', 'Ciprofloksasin merupakan obat keras', 'Belum ada resep ciprofloksasin', 'Menghindari penyalahgunaan obat', 'Menghindari kesalahan penggunaan obat', 'Hanya diberikan 10 tablet', 'b', 'Seorang ibu pergi ke apotek hendak membeli ciprofloksasin 500mg sebanyak 20 tablet, tanpa resep dokter untuk suaminya yang terkena infeksi. Apoteker tidak memberikan, apa alasan yang tepat yang diberikan apoteker?', '0000-00-00 00:00:00'),
(106, 'pr-s-Analisis', 'Seorang perempuan 42 tahun pergi ke rumah sakit dan diagnosa rheumatoid arthrithris lalu dokter meresepkan methotreksat dan asam folat. Apa alasan dokter meresepkan asam folat? Methotrexat merupakan antimetabolit folat yang menghambat sintesis DNA , repair dan replikasi selular. MTX secara ireversib', 'Encegah pembentukan kristaluria', 'Mencegah peningkatan alanine transferase', 'Menurunkan sekresi asam urat', 'Mencegah kerja xantin oksidase', 'Mencegah reabsorpsi asam urat', 'b', 'Seorang perempuan 42 tahun pergi ke rumah sakit dan diagnosa rheumatoid arthrithris lalu dokter meresepkan methotreksat dan asam folat. Apa alasan dokter meresepkan asam folat? Methotrexat merupakan antimetabolit folat yang menghambat sintesis DNA , repair dan replikasi selular. MTX secara ireversibel mengikat dan menghambat dihidrofolat reduktase, menghambat pembentukan folat dan timidilat sintase, yang menghasilkan penghambatan produksi purin dan asam timidilat.', '0000-00-00 00:00:00'),
(107, 'pr-s-Analisis', 'Pasien laki-laki datang ke rumah sakit dengan  keluhan demam selama 3 hari dan sakit tenggorokan. Setelah diperiksa oleh dokter, pasien tersebut mengalami gangguan pernafasan akut. Lalu dokter memberikan obat zolenges yang berisi??.dasar pertimbangan apa pasien diberikan bentuk sediaan tersebut?', 'Untuk mengatasi infeksi nosocomial', 'Untuk mengatasi infeksi lokal', 'Untuk mengatasi infeksi sistemik', 'Untuk mengatasi infeksi resisten', 'Untuk mengatasi infeksi oportunistik', 'b', 'Pasien laki-laki datang ke rumah sakit dengan  keluhan demam selama 3 hari dan sakit tenggorokan. Setelah diperiksa oleh dokter, pasien tersebut mengalami gangguan pernafasan akut. Lalu dokter memberikan obat zolenges yang berisi??.dasar pertimbangan apa pasien diberikan bentuk sediaan tersebut?', '0000-00-00 00:00:00'),
(108, 'pr-s-Analisis', 'Obat tukak lambung yang dapat dibeli tanpa resep dokter, menghambat refluks asam. Apoteker dapat memberikan obat?', 'Antasida dan simetidin', 'Antasida dan omeprazole', 'Famotidine, simetidin, dan omeprazole', '-', '-', 'b', 'Obat tukak lambung yang dapat dibeli tanpa resep dokter, menghambat refluks asam. Apoteker dapat memberikan obat?', '0000-00-00 00:00:00'),
(109, 'pr-s-Analisis', 'Suatu perusahaan akan memproduksi amoksisilin 500 mg tablet. Tanda/logo apa yang harus tercantum dalam kemasan luar dusnya?', 'Tanda bulatan hitam warna merah dengan tulisan K', '-', '-', '-', '-', 'b', 'Suatu perusahaan akan memproduksi amoksisilin 500 mg tablet. Tanda/logo apa yang harus tercantum dalam kemasan luar dusnya?', '0000-00-00 00:00:00'),
(110, 'pr-s-Analisis', 'Seorang wanita dewasa datang ke apotek mengeluh tidak bisa buang air besar selama 2 hari , apoteker memberikan bisakodil bagaimana mekanisme kerja obat tersebut?', 'Melunakkan konsistensi feses', 'Meningkatkan peristaltik usus', 'Proses osmosis menarik air', 'Retensi terhadap ion natrium', 'Mengembangkan masa feses', 'b', 'Seorang wanita dewasa datang ke apotek mengeluh tidak bisa buang air besar selama 2 hari , apoteker memberikan bisakodil bagaimana mekanisme kerja obat tersebut?', '0000-00-00 00:00:00'),
(111, 'pr-s-Analisis', 'Seorang pengusaha usaha UMOT (Usaha Mikro Obat Tradisional) membuat sediaan obat batuk yang mengandung ekstrak jahe, ekstrak daun sirih, sari jeruk nipis dan madu. Klaim apa yang dapat dituliskan pada leaflet dan kemasan obat ini?', 'Menekan batuk kering', 'Meredakan batuk karena debu', 'Membantu meredakan batuk', 'Menghilangkan dahak', 'Menyembuhkan batuk karena flu', 'b', 'Seorang pengusaha usaha UMOT (Usaha Mikro Obat Tradisional) membuat sediaan obat batuk yang mengandung ekstrak jahe, ekstrak daun sirih, sari jeruk nipis dan madu. Klaim apa yang dapat dituliskan pada leaflet dan kemasan obat ini?', '0000-00-00 00:00:00'),
(112, 'pr-s-Analisis', 'Seorang wanita (26 tahun) datang ke dokter dengan keluhan daerah vagina sering keluar cairan kental berwarna putih dan berbau amis. Dokter mendiagnosa pasien tersebut terkena penyakit vaginitis. Antibiotik apa yang menjadi pilihan untuk penyakit tersebut?', 'Metronidazol', 'Nistatin', 'Amoksisilin', 'Ciprofloxacin', 'Azitromisin', 'c', 'Seorang wanita (26 tahun) datang ke dokter dengan keluhan daerah vagina sering keluar cairan kental berwarna putih dan berbau amis. Dokter mendiagnosa pasien tersebut terkena penyakit vaginitis. Antibiotik apa yang menjadi pilihan untuk penyakit tersebut?', '0000-00-00 00:00:00'),
(113, 'pr-s-Analisis', 'Seorang anak laki-laki berusia 11 tahun, dibawa ke rumah sakit dengan keluhan muka sembab sejak 4 hari yang lalu, urin berwarna cokelat kemerahan dan tidak ada gejala lain, didiagnosa menderita glomelurou nefritis akut. Terapi yang tepat untuk penyakit tersebut adalah?', 'Amoxcilin (aja) dan ?', 'Amoxcilin dan KCL', 'Tetrasiklin dan amoxcilin ', 'Tertrasiklin dan ?', '-', 'c', 'Seorang anak laki-laki berusia 11 tahun, dibawa ke rumah sakit dengan keluhan muka sembab sejak 4 hari yang lalu, urin berwarna cokelat kemerahan dan tidak ada gejala lain, didiagnosa menderita glomelurou nefritis akut. Terapi yang tepat untuk penyakit tersebut adalah?', '0000-00-00 00:00:00'),
(114, 'pr-s-Analisis', 'Suatu apotek bisa mengalami kerugian karena ketidaktelitian dalam pengendalian persediaan obat. Apoteker pendamping memiliki kecakapan dalam bidang klinik, atas kesimpulan itu Apoteker membuat pelatihan dalam rangka meningkatkan manajemen Apoteker dalam mengelola apotek. Manajemen yang digunakan ada', 'Manajemen SDM ', 'Manajemen strategi', 'Manajemen keuangan', 'Manajemen perencanaan', 'Manajemen organisasi', 'c', 'Suatu apotek bisa mengalami kerugian karena ketidaktelitian dalam pengendalian persediaan obat. Apoteker pendamping memiliki kecakapan dalam bidang klinik, atas kesimpulan itu Apoteker membuat pelatihan dalam rangka meningkatkan manajemen Apoteker dalam mengelola apotek. Manajemen yang digunakan adalah?', '0000-00-00 00:00:00'),
(115, 'pr-s-Analisis', 'Seorang wanita berusia 49 tahun datang ke unit farmasi rawat jalan rumah sakit dengan membawa resep metdormin 3 dd 500 mg. Pasien memberitahu kepada dokter bahwa dirinya terdiagnosa dm. Apa informasi yang harus disampaikan terkait penggunaan obat tersebut?', 'Digunakan sebelum makan untuk meningkatkan absorpsi obat', 'Digunkan sebelum makan untuk mencegah pembentukan glukosa', 'Digunakan saat makan untuk meningkatkan absorpsi obat ', 'Digunakan setelah makan untuk mengurangi iritasi lambung ', 'Digunakan setelah makan untuk mningkatkan motilitas usus', 'c', 'Seorang wanita berusia 49 tahun datang ke unit farmasi rawat jalan rumah sakit dengan membawa resep metdormin 3 dd 500 mg. Pasien memberitahu kepada dokter bahwa dirinya terdiagnosa dm. Apa informasi yang harus disampaikan terkait penggunaan obat tersebut?', '0000-00-00 00:00:00'),
(116, 'pr-s-Analisis', 'Sebuah pabrik obat tradisional akan memproduksi obat batuk dai bahan akar manis (Glycyrrhizae glabra). Bahan baku tersebut harus distandarisasi. Salah satu uji yang akan dilakukan yaitu uji kadar abu total . uji tersebut menggambarkan apa?', 'Tingkat kekerigan simplisia', 'Tingkat cemaran mikroorganisme', 'Tingkat kandungan senyawa anorganik', '-', '-', 'c', 'Sebuah pabrik obat tradisional akan memproduksi obat batuk dai bahan akar manis (Glycyrrhizae glabra). Bahan baku tersebut harus distandarisasi. Salah satu uji yang akan dilakukan yaitu uji kadar abu total . uji tersebut menggambarkan apa?', '0000-00-00 00:00:00'),
(117, 'pr-s-Analisis', 'Seorang pasien membawa resep sebagai berikut: | R/ Xanax tab | S 1 dd 1  | Menurut permenkes nomor 9../2003 mengenai narkotika hal apa yang memberikan perbedaan pada obat dalam resep tersebut?', 'No batch dengan kode tertentu', 'No registrasi dengan kode tertentu ', 'Harus dengan resep dokter', 'Peringatan obat keras', 'Logo dan lambang pada kemasan', 'c', 'Seorang pasien membawa resep sebagai berikut: | R/ Xanax tab | S 1 dd 1  | Menurut permenkes nomor 9../2003 mengenai narkotika hal apa yang memberikan perbedaan pada obat dalam resep tersebut?', '0000-00-00 00:00:00'),
(118, 'pr-s-Analisis', 'Imunodilator adalah senyawa yang dihasilkan dari bahan alam. Termasuk kedalam golongan obat apakah imudilator?', 'Jamu', 'Obat herbal terstandar', 'Fitofarmaka', 'Obat tradisional', '-', 'c', 'Imunodilator adalah senyawa yang dihasilkan dari bahan alam. Termasuk kedalam golongan obat apakah imudilator?', '0000-00-00 00:00:00'),
(119, 'pr-s-Analisis', 'Seorang pasien datang ke apotek menanyakan tentang pemakaian salep kombinasi asam salisilat dan sulfur untuk kulit, pasien menjelaskan ketika memakai salep susah dibilas dengan air dan terasa lengket, basis salep apa yang digunakan pada sediaan tersebut?', 'Basis larut air', 'Basis anhidrous', 'Basis emulsi tipe o/w', 'Basis oleaginous', '-', 'c', 'Seorang pasien datang ke apotek menanyakan tentang pemakaian salep kombinasi asam salisilat dan sulfur untuk kulit, pasien menjelaskan ketika memakai salep susah dibilas dengan air dan terasa lengket, basis salep apa yang digunakan pada sediaan tersebut?', '0000-00-00 00:00:00'),
(120, 'pr-s-Analisis', 'Seorang laki-laki berumur 60 tahun telah lama menderita penyakit paru obstruktif kronik dan mengalami eksaserbasi akut sehingga harus dirawat di rumah sakit. Diberikan terapi inhalasi bronkodilator (kombinasi ipratropium dan albuterol), inhalasi flutikason dan tablet kodein. Karena pasien mengalami ', 'Ipratopium', 'Alobuterol', 'Flutikason', 'Kodein', 'Eritromisin', 'c', 'Seorang laki-laki berumur 60 tahun telah lama menderita penyakit paru obstruktif kronik dan mengalami eksaserbasi akut sehingga harus dirawat di rumah sakit. Diberikan terapi inhalasi bronkodilator (kombinasi ipratropium dan albuterol), inhalasi flutikason dan tablet kodein. Karena pasien mengalami infeksi juga sehingga diberikan eritromisin. Setelah beberapa hari pasien mengeluh mengalami konstipasi. Obat apa yang menyebabkan keluhan tersebut?', '0000-00-00 00:00:00'),
(121, 'pr-s-Analisis', 'Pada era perkembangan pelayanan farmasi terjadi pergeseran fokus apoteker misalnya apoteker membuat tablet amlodipin untuk pengobatan hipertensi, era sekarang apoteker harus membuat obat yang meningkatkan atau bermanfaat bagi pasien. Pernyataan tersebut mempunyai makna?', 'apoteker membuat formulasi-formulasi yang lebih baik', 'apoteker menjalankan pharmaceutical care', 'apoteker tidak lagi membuat obat', 'apoteker dalam membuat obat dengan menggunakan mesin-mesin canggih', 'apoteker tidak lagi menjalankan pelayanan kefarmasian', 'c', 'Pada era perkembangan pelayanan farmasi terjadi pergeseran fokus apoteker misalnya apoteker membuat tablet amlodipin untuk pengobatan hipertensi, era sekarang apoteker harus membuat obat yang meningkatkan atau bermanfaat bagi pasien. Pernyataan tersebut mempunyai makna?', '0000-00-00 00:00:00'),
(122, 'pr-s-Analisis', 'Seorang pasien mndrita TBC dan diberi pengobatan INH, pirazinamid, piridoksin, ethambutol, ripamfisin. Tujuan pemberian piridoksin untuk mengurangi efek samping dari obat apa?', 'Ethambutol', 'Isoniazid', 'Rifampisin', 'Pirazinamid', 'Eritromisin', 'c', 'Seorang pasien mndrita TBC dan diberi pengobatan INH, pirazinamid, piridoksin, ethambutol, ripamfisin. Tujuan pemberian piridoksin untuk mengurangi efek samping dari obat apa?', '0000-00-00 00:00:00'),
(123, 'pr-s-Analisis', 'Seorang ibu 38 tahun mempunyai keluhan 3 hari susah buang air besar. Akan tetapi sudah rutin mengkonsumsi makanan serat dan mineral. Obat apa yang sebaiknya yang diberikan pada penyakit tersebut ?', 'Fe', 'Bisakodil', 'Ranitidin', 'Loperamid', 'Histigo', 'c', 'Seorang ibu 38 tahun mempunyai keluhan 3 hari susah buang air besar. Akan tetapi sudah rutin mengkonsumsi makanan serat dan mineral. Obat apa yang sebaiknya yang diberikan pada penyakit tersebut ?', '0000-00-00 00:00:00'),
(124, 'pr-s-Analisis', 'Seorang pasien TB perempuan berusia 55 tahun sedang menjalanan terapi kombinasi obat 2RHZES/4H3R3. Alasan kombinasi obat tsb adalah..', 'Mencegah terjadinya efek samping obat', 'Meningkatkan efek terapi dari masing-masing obat', 'Mencegah terjadinya infeksi lain di dalam tubuh', 'Meningkatkan imunitas obat', 'Mencegah terjadinya resistensi bakteri terhadap obat', 'c', 'Seorang pasien TB perempuan berusia 55 tahun sedang menjalanan terapi kombinasi obat 2RHZES/4H3R3. Alasan kombinasi obat tsb adalah..', '0000-00-00 00:00:00'),
(125, 'pr-s-Analisis', 'Termasuk logo apakah ini?', 'Obat herbal terstandar', 'Jamu', 'Jamu gendong', 'Fitofarmaka', 'Obat generik', 'c', 'Termasuk logo apakah ini?', '0000-00-00 00:00:00'),
(126, 'pr-s-Analisis', 'Apotek membuat pembukuan akhir tahunan sekaligus merencanakan untuk penawaran apotek kepada investor lain karna pemilik apotek sedang membutuhkan biaya pengobatan untuk penyakit kanker yang dideritanya, laporan apa yg dibutuhkan investor untuk analisi apotek tersebut?', 'Laporan laba (rugi)', 'Laporan aliran kas', 'Laporan pembelian', 'Laporan penjualan', 'Laporan harian', 'c', 'Apotek membuat pembukuan akhir tahunan sekaligus merencanakan untuk penawaran apotek kepada investor lain karna pemilik apotek sedang membutuhkan biaya pengobatan untuk penyakit kanker yang dideritanya, laporan apa yg dibutuhkan investor untuk analisi apotek tersebut?', '0000-00-00 00:00:00'),
(127, 'pr-s-Analisis', 'Seorang apoteker akan mengekstrasi senyawa dari Allium sativum sebagai antihipertensi. Diketahui senyawa tersebut tidak tahan panas. Bagaimana cara mengekstrasi senyawa tersebut?', 'Dekoktasi', 'Infus', 'Maserasi', 'Sokletasi', 'Refluks', 'c', 'Seorang apoteker akan mengekstrasi senyawa dari Allium sativum sebagai antihipertensi. Diketahui senyawa tersebut tidak tahan panas. Bagaimana cara mengekstrasi senyawa tersebut?', '0000-00-00 00:00:00'),
(128, 'pr-s-Analisis', 'Fungsi NaOH dalam pengolahan limbah beta laktam sebelum dimasukin ke limbah regular selama 24 jam adalah?', 'Memutuskan cincin beta laktam', 'Mencegah hidrolisis', 'Memutus rantai karbon', 'Memutus rantai alifatik', 'Memutus cincin aromatis', 'c', 'Fungsi NaOH dalam pengolahan limbah beta laktam sebelum dimasukin ke limbah regular selama 24 jam adalah?', '0000-00-00 00:00:00'),
(129, 'pr-s-Analisis', 'Di dalam suatu resep dituliskan | R/ Codein 20 no X  | S 1 dd 1  | Codein termasuk obat apa?', 'Obat bebas terbatas', 'Obat keras', 'OGB', 'Psikotropika', 'Narkotika', 'c', 'Di dalam suatu resep dituliskan | R/ Codein 20 no X  | S 1 dd 1  | Codein termasuk obat apa?', '0000-00-00 00:00:00'),
(130, 'pr-s-Analisis', 'Seorang laki2 usia 50 tahun datang ke apotek menunjukkan bungkus suatu jamu u/ mengatasi gangguan seksualnya. Dia mengeluh jantungnya mudah berdebar2 dan sering sakit kepala setelah mengonsumsi jamu tersebut. Jamu tsb ternyata produk yg ditarik BPOM karena ada tambahan BKO. Bahan Kimia Obat (BKO) ap', 'Fenilbutazon', 'Prednisone', 'Sibutramin HCl', 'Seidenafil sitrat', 'Siproheptadin', 'c', 'Seorang laki2 usia 50 tahun datang ke apotek menunjukkan bungkus suatu jamu u/ mengatasi gangguan seksualnya. Dia mengeluh jantungnya mudah berdebar2 dan sering sakit kepala setelah mengonsumsi jamu tersebut. Jamu tsb ternyata produk yg ditarik BPOM karena ada tambahan BKO. Bahan Kimia Obat (BKO) apakah yg terkandung pada jamu tsb?', '0000-00-00 00:00:00'),
(131, 'pr-s-Analisis', 'Terdapat pasien anak (umur 2 tahun), mengalami diare spesifik yang disebabkan oleh E. coli. Antibiotik apa yang cocok untuk pasien tersebut?', 'Kloramfenikol', 'Klindamisin', 'Gentamisin', 'Siprofloksasin', 'Kotrimoksazol', 'c', 'Terdapat pasien anak (umur 2 tahun), mengalami diare spesifik yang disebabkan oleh E. coli. Antibiotik apa yang cocok untuk pasien tersebut?', '0000-00-00 00:00:00'),
(132, 'pr-s-Analisis', 'Seorang pemuda diberi tindakan pembedahan ringan, sehingga rasa sakit yang dirasakannya juga rasa sakit yang sedang. Manakah obat yang dapat diberikan untuk menghilangkan rasa sakit tingkat sedang?', 'Paracetamol', 'Meloxicam ', 'Antalgin', 'Morfin', 'Codein', 'c', 'Seorang pemuda diberi tindakan pembedahan ringan, sehingga rasa sakit yang dirasakannya juga rasa sakit yang sedang. Manakah obat yang dapat diberikan untuk menghilangkan rasa sakit tingkat sedang?', '0000-00-00 00:00:00'),
(133, 'pr-s-Analisis', 'Seorang ibu sedang mengkonsumsi pil KB, suatu ketika ibu tersebut lupa meminum pil KB (selama waktu 24 jam). Apa yang harus dilakukan ibu tersebut?', 'Meminum pil KB ketika ingat sebanyak 2 pil kemudian pemakaian diteruskan', 'Pemakaian diteruskan sampai pil KB habis', 'Dilakukan penggantian metode kontrasepsi lain', 'Penambahan sekunder', '-', 'c', 'Seorang ibu sedang mengkonsumsi pil KB, suatu ketika ibu tersebut lupa meminum pil KB (selama waktu 24 jam). Apa yang harus dilakukan ibu tersebut?', '0000-00-00 00:00:00'),
(134, 'pr-s-Analisis', 'R/ Braxidin tab. No. VI  | S.2dd.1 | Termasuk golongan obat apakah resep di atas?', 'Obat Bebas', 'Obat Bebas Terbatas', 'Obat Wajib Apotek', 'Obat Psikotropika', 'Obat Narkotika', 'c', 'R/ Braxidin tab. No. VI  | S.2dd.1 | Termasuk golongan obat apakah resep di atas?', '0000-00-00 00:00:00'),
(135, 'pr-s-Analisis', 'R/ Ibuprofen 100 mg  | Luminal 30 mg  | m.f. da in cap dtd No. XXX  | S.3dd1 cap  Berapakah masing-masing yang harus diambil bila sediaan yang ada di apotek : Ibuprofen 300 mg dan Luminal 30 mg?', 'Ibuprofen diambil 30 tablet dan Luminal diambil 30 tablet.', 'Ibuprofen diambil 30 tablet dan Luminal diambil 10 tablet.', 'Ibuprofen diambil 10 tablet dan Luminal diambil 10 tablet.', 'Ibuprofen diambil 15 tablet dan Luminal diambil 10 tablet.', 'Ibuprofen diambil 10 tablet dan Luminal diambil 30 tablet.', 'c', 'R/ Ibuprofen 100 mg  | Luminal 30 mg  | m.f. da in cap dtd No. XXX  | S.3dd1 cap  Berapakah masing-masing yang harus diambil bila sediaan yang ada di apotek : Ibuprofen 300 mg dan Luminal 30 mg?', '0000-00-00 00:00:00'),
(136, 'pr-s-Analisis', 'Seorang laki2 dewasa mengalami demam setelah diberikan injeksi. Obat antipiretik tidak mempan. Demam tersebut diakibatkan oleh?', 'Aflatoksin', 'Endotoksin', 'Enterotoksin', 'Botuli ', '-', 'c', 'Seorang laki2 dewasa mengalami demam setelah diberikan injeksi. Obat antipiretik tidak mempan. Demam tersebut diakibatkan oleh?', '0000-00-00 00:00:00'),
(137, 'pr-s-Analisis', 'Seorang pasien Tn. x menderita asma, memperoleh obat aminofilin. Setelah dilakukan penggalian informasi, Tn.x  sering makan ikan. Sehingga terjadi penurunan aminofilin. Mekanisme obat yang terjadi?', 'Hambatan aminofilin akibat reaksi dengan mineral dan air', 'Terhambatnya eliminasi aminofilin oleh lemak ikan', 'Akibat terbentuknya senyawa Hidro...', 'Hambatan absorbsi aminofilin', '-', 'c', 'Seorang pasien Tn. x menderita asma, memperoleh obat aminofilin. Setelah dilakukan penggalian informasi, Tn.x  sering makan ikan. Sehingga terjadi penurunan aminofilin. Mekanisme obat yang terjadi?', '0000-00-00 00:00:00'),
(138, 'pr-s-Analisis', 'Seorang anak mengalami demam beresiko terjadi kejang, maka diberikan diazepam resital gel. Dengan maksud keamanan diazepam rectal gel digolongkan dalam obat psikotropika. Apa alasan yang lebih tepat  diazepam resital digolongkan dalam obat psikotropika?', 'Beresiko terjadinya penyalahgunaan', 'Beresiko terjadinya kesalahan penggunaan', 'Beresiko tinggi terhadap anak', 'Kesulitan saat penggunaan', 'Perlu pengawasan intensif saat penggunaan', 'c', 'Seorang anak mengalami demam beresiko terjadi kejang, maka diberikan diazepam resital gel. Dengan maksud keamanan diazepam rectal gel digolongkan dalam obat psikotropika. Apa alasan yang lebih tepat  diazepam resital digolongkan dalam obat psikotropika?', '0000-00-00 00:00:00'),
(139, 'pr-s-Analisis', 'Seorang wanita berusia 45 tahun mempunyai diabetes, merasa mual, nyeri dan 3 hari badannya panas. Gula darah acak nya adalah 550 mg/dL, HCO3 16 mEq. Data lainnya adalah dia pernah di infus NS, insulin injeksi dan injeksi sefotaksim. Insulin yang harus diberikan melalui rute apa?', 'Intramuskular', 'Subkutan', 'Intravena bolus', 'Infusa intermiten', 'Infusa kontinu', 'c', 'Seorang wanita berusia 45 tahun mempunyai diabetes, merasa mual, nyeri dan 3 hari badannya panas. Gula darah acak nya adalah 550 mg/dL, HCO3 16 mEq. Data lainnya adalah dia pernah di infus NS, insulin injeksi dan injeksi sefotaksim. Insulin yang harus diberikan melalui rute apa?', '0000-00-00 00:00:00'),
(140, 'pr-s-Analisis', 'Seorang pasien dengan BB = 75 kg , tinggi badan = 156 cm, hasil pemeriksaan menunjukkan tekanan darah 190/95 mmHg. Memiliki riwayat penyakit infark miokard. Menurut JNC tekanan darah yang ditargetkan untuk pasien adalah?', '190/80', '185/90', '140/90', '130/80', '120/70', 'c', 'Seorang pasien dengan BB = 75 kg , tinggi badan = 156 cm, hasil pemeriksaan menunjukkan tekanan darah 190/95 mmHg. Memiliki riwayat penyakit infark miokard. Menurut JNC tekanan darah yang ditargetkan untuk pasien adalah?', '0000-00-00 00:00:00'),
(141, 'pr-s-Analisis', 'Seorang pasien laki laki usia 65 tahun datang ke klinik dengan keluhan batuk kering. Dengan riwayat penyakit hipertensi, diabetes melitus dan osteoarthritis adapun riwayat pengobatan sebagai berikut: kaptopril, hidroclortiazid, amlodipin, ibuprofen, metformin. Batuk timbul setelah pemakaian beberapa', 'Kaptopril', 'HCT', 'Metformin', 'Amlodipine', 'ibuprofen', 'c', 'Seorang pasien laki laki usia 65 tahun datang ke klinik dengan keluhan batuk kering. Dengan riwayat penyakit hipertensi, diabetes melitus dan osteoarthritis adapun riwayat pengobatan sebagai berikut: kaptopril, hidroclortiazid, amlodipin, ibuprofen, metformin. Batuk timbul setelah pemakaian beberapa hari dari obat tersebut. Menurut saudara , obat mana yang menyebabkan keluhan?', '0000-00-00 00:00:00'),
(142, 'pr-s-Analisis', 'Obat Vitamin C termasuk kedalam Golongan obat apa?', 'Obat bebas', 'Obat bebas terbatas', 'Logo merah dengan huruf K', 'Narkotika', '-', 'c', 'Obat Vitamin C termasuk kedalam Golongan obat apa?', '0000-00-00 00:00:00'),
(143, 'pr-s-Analisis', 'Seseorang datang ke apotek anda dengan membawa resep deksametason 0,5 mg 2x1. Apoteker memberikan informasi bahwa jika terlalu sering minum obat ini maka akan terjadi moon face. Mekanisme kerja dari obat ini yang membuat efek tersebut terjadi adalah?', 'Meningkatkan sekresi air dan natrium', 'Menghambat reseptor adrenergik', 'Membuat retensi air dan natrium', '-', '-', 'c', 'Seseorang datang ke apotek anda dengan membawa resep deksametason 0,5 mg 2x1. Apoteker memberikan informasi bahwa jika terlalu sering minum obat ini maka akan terjadi moon face. Mekanisme kerja dari obat ini yang membuat efek tersebut terjadi adalah?', '0000-00-00 00:00:00'),
(144, 'pr-s-Analisis', 'Seorang laki-laki umur 60 tahun memiliki asma sejak kecil dan hipertensi sejak dua bulan yang lalu. Obat apa yang mempunyai kontraindikasi dengan keadaan tersebut?', 'Paracetamol', 'HCT', 'Salmoterol', 'Propanolol', 'Prednison', 'c', 'Seorang laki-laki umur 60 tahun memiliki asma sejak kecil dan hipertensi sejak dua bulan yang lalu. Obat apa yang mempunyai kontraindikasi dengan keadaan tersebut?', '0000-00-00 00:00:00'),
(145, 'pr-s-Analisis', 'Sebuah industri farmasi akan membuat tablet salut film tamoksifen. Hasilnya tablet melekat dengan yang lainnya. Faktor apa yang menjadi penyebabnya?', 'Cairan penyalut terlalu kental', 'Cairan penyalut kurang kental', 'Cairan penyalut terlalu banyak', 'Cairan penyalut terlalu sedikit', 'Cairan penyalut mudah menguap', 'c', 'Sebuah industri farmasi akan membuat tablet salut film tamoksifen. Hasilnya tablet melekat dengan yang lainnya. Faktor apa yang menjadi penyebabnya?', '0000-00-00 00:00:00'),
(146, 'pr-s-Analisis', 'Asuhan kefarmasian adalah tanggung jawab apoteker untuk menyediakan asuhan terapi menggunakan obat seperti Amlodipine tablet untuk mencapai manfaat optimal bagi peningkatan kualitas hidup pasien. Apa yang dimaksud dengan Manfaat Optimal?', 'Kualitas hidup pasien meningkat', 'Produktivitas pasien meningkat', 'Mengurangi proses penyakit', 'Mengidentifikasi gejala penyakit', 'Mengidentifikasi penyakit', 'c', 'Asuhan kefarmasian adalah tanggung jawab apoteker untuk menyediakan asuhan terapi menggunakan obat seperti Amlodipine tablet untuk mencapai manfaat optimal bagi peningkatan kualitas hidup pasien. Apa yang dimaksud dengan Manfaat Optimal?', '0000-00-00 00:00:00'),
(147, 'pr-s-Analisis', 'Sebuah industri farmasi akan membuat suatu sediaan tablet dari ekstrak umbi bawang putih. Tetapi ekstrak umbi bawang putih tersebut memiliki sifat fisikokimia sebagai berikut: kompresibilitas buruk, mudah terhidrolisis dan tidak tahan panas dan lembab. Metode apakah yang cocok untuk membuat tablet t', 'Granulasi basah', 'Granulasi kering', 'Dicetak langsung', 'Granulasi terpisah', 'Kempa langsung ', 'c', 'Sebuah industri farmasi akan membuat suatu sediaan tablet dari ekstrak umbi bawang putih. Tetapi ekstrak umbi bawang putih tersebut memiliki sifat fisikokimia sebagai berikut: kompresibilitas buruk, mudah terhidrolisis dan tidak tahan panas dan lembab. Metode apakah yang cocok untuk membuat tablet tersebut?', '0000-00-00 00:00:00'),
(148, 'pr-s-Analisis', 'Laki-laki usia 45 tahun, tinggi badan 160 cm, berat badan 90 kg menderita hyperlipidemia dan diresepkan oleh dokter orlistat. Apa efek orlistat?', 'Feses berminyak', 'Mengantuk', '-', '-', '-', 'c', 'Laki-laki usia 45 tahun, tinggi badan 160 cm, berat badan 90 kg menderita hyperlipidemia dan diresepkan oleh dokter orlistat. Apa efek orlistat?', '0000-00-00 00:00:00'),
(149, 'pr-s-Analisis', 'Perempuan 27th, mengalami hidung berair, gatal gatal dan ber lendir, terasa makin parah jika membersihkan rumah. Obat apa yang dapat meredakan gejala tersebut?', 'Klorfeniramin', 'Pseudoefedrin', 'Dexametason', '-', '-', 'c', 'Perempuan 27th, mengalami hidung berair, gatal gatal dan ber lendir, terasa makin parah jika membersihkan rumah. Obat apa yang dapat meredakan gejala tersebut?', '0000-00-00 00:00:00'),
(150, 'pr-s-Analisis', 'Hasil data lab darah seorang pasien adalah sebagai berikut | Hb : 12,6 g/dL (14,0-18,0) | MCV : 69,0 fL (79,0-99,0) | MCH : 25 pg (27,0-31,0) | Platelet count : 286x10 pangkat 3/uL(150,0-400,0) | Dari data lab diatas, obat yang tepat untuk pasien tersebut adalah:', 'Asam folat', 'Fero sulfat', 'Vitamin B12', '-', '-', 'c', 'Hasil data lab darah seorang pasien adalah sebagai berikut | Hb : 12,6 g/dL (14,0-18,0) | MCV : 69,0 fL (79,0-99,0) | MCH : 25 pg (27,0-31,0) | Platelet count : 286x10 pangkat 3/uL(150,0-400,0) | Dari data lab diatas, obat yang tepat untuk pasien tersebut adalah:', '0000-00-00 00:00:00'),
(151, 'pr-s-Analisis', 'Suatu industri farmasi memproduksi fenofibrate 200 mg merupakan pengembangan dari produk 100 mg. Agar produk tersebut dapat di edarkan maka harus dilakukan uji ekivalensi. Uji ekivalensi apa yang harus dilakukan ?', 'Uji kandungan senyawa aktif', 'Uji disolusi terbanding', 'Uji  bioavaibilitas in sio', 'Uji permeabilitas in vitro', 'Uji absorpsi in si tu', 'c', 'Suatu industri farmasi memproduksi fenofibrate 200 mg merupakan pengembangan dari produk 100 mg. Agar produk tersebut dapat di edarkan maka harus dilakukan uji ekivalensi. Uji ekivalensi apa yang harus dilakukan ?', '0000-00-00 00:00:00'),
(152, 'pr-s-Analisis', 'Industri farmasi pada uji LAF nya terdapat 5 koloni. Untuk memastikan apakah ada atau tidak kebocoran pada LAF maka dilakukan uji kecepatan aliran udara. Berapakah standar kecepatan aliran udara?', '0,35 m per detik', '0,45 m per detik', '0,55 m per detik', '0,65 m per detik', '0,75 m per detik', 'c', 'Industri farmasi pada uji LAF nya terdapat 5 koloni. Untuk memastikan apakah ada atau tidak kebocoran pada LAF maka dilakukan uji kecepatan aliran udara. Berapakah standar kecepatan aliran udara?', '0000-00-00 00:00:00'),
(153, 'pr-s-Analisis', 'Pasien dengan berat badan 72 kg menerima obat dengan dosis 2 mg/kg BB iv, 90% di eliminasi lewat urin, klirens ginjal total 135 mL/menit. Berapa klires ginjal pasien tersebut.', '100 mL/menit', '10 mL/menit', '120 mL/menit', '122 mL/menit', '132 mL/menit', 'c', 'Pasien dengan berat badan 72 kg menerima obat dengan dosis 2 mg/kg BB iv, 90% di eliminasi lewat urin, klirens ginjal total 135 mL/menit. Berapa klires ginjal pasien tersebut.', '0000-00-00 00:00:00'),
(154, 'pr-s-Analisis', 'Seorang laki-laki 42 tahun dengan riwayat DM 5 tahun, mengalami komplikasi jantung koroner 2 tahun yang lalu, datang ke apotek menebus resep obat. Terapi yang didapat glibenklamid, metformin, kaptopril,dan simvastatin. Berapa target kolesterol LDL pasien diatas?', '70 mg/dL', '110 mg/dL', '130 mg/dL', '180 mg/dL', '100 mg/dL', 'c', 'Seorang laki-laki 42 tahun dengan riwayat DM 5 tahun, mengalami komplikasi jantung koroner 2 tahun yang lalu, datang ke apotek menebus resep obat. Terapi yang didapat glibenklamid, metformin, kaptopril,dan simvastatin. Berapa target kolesterol LDL pasien diatas?', '0000-00-00 00:00:00'),
(155, 'pr-s-Analisis', 'Pada proses salut gula tahap untuk mengeraskan atau melindungi tablet ini dilakukan pada tahap apa?', 'Salut pendahuluan', 'Pewarnaan', 'Pengkilapan', 'Sealing  ', '-', 'c', 'Pada proses salut gula tahap untuk mengeraskan atau melindungi tablet ini dilakukan pada tahap apa?', '0000-00-00 00:00:00'),
(156, 'pr-s-Analisis', 'Seorang pria diberikan injeksi secara iv, kemudian pria tersebut mengalami diare... dan tidak kunjung sembuh walaupun sudah meminum obat antidiare...diare tersebut ditimbulkan oleh...', 'Enterotoksin', 'Endotoksin', '-', '-', '-', 'c', 'Seorang pria diberikan injeksi secara iv, kemudian pria tersebut mengalami diare... dan tidak kunjung sembuh walaupun sudah meminum obat antidiare...diare tersebut ditimbulkan oleh...', '0000-00-00 00:00:00'),
(157, 'pr-s-Analisis', 'Seorang laki-laki mendatangi apotik dengan keluhan demam, batuk, dan pilek, oleh apoteker diberikan tablet dengan komposisi paracetamol, kafein, pseudoefedrin, guaifenesin, kloramfeniramin maleat, mana yang termasuk dekongestan?', 'Paracetamol', 'Kafein', 'Pseudoefedrin', 'Guaifenesin', 'Klorfeniramin maleat', 'c', 'Seorang laki-laki mendatangi apotik dengan keluhan demam, batuk, dan pilek, oleh apoteker diberikan tablet dengan komposisi paracetamol, kafein, pseudoefedrin, guaifenesin, kloramfeniramin maleat, mana yang termasuk dekongestan?', '0000-00-00 00:00:00'),
(158, 'pr-s-Analisis', 'Suatu apotek membutuhkan seorang apoteker pendamping. Kriteria utama yang harus dimiliki apoteker pendamping adalah?', 'Bodily kinesthetic', 'Spatial', 'Musical', 'Intrapersonal', 'Interpersonal ', 'c', 'Suatu apotek membutuhkan seorang apoteker pendamping. Kriteria utama yang harus dimiliki apoteker pendamping adalah?', '0000-00-00 00:00:00'),
(159, 'pr-s-Analisis', 'Braxidin termasuk golongan obat?', 'Obat bebas', 'Obat bebas terbatas', 'DOWA', 'Psikotropika', 'Narkotika', 'c', 'Braxidin termasuk golongan obat?', '0000-00-00 00:00:00'),
(160, 'pr-s-Analisis', 'Seorang perempuan 38 tahun datang ke apotek dengan keluhan sulit buang air besar selama 3 hari, padahal dia mengaku sudah mengkonsumsi makanan yang berserat dan minum yang cukup, obat sistem pencernaan apa yang akan diberikan?', 'Tablet attapulgit', 'Bisakodil', 'Ranitidine', 'Loperamid', 'Hyosiamin', 'c', 'Seorang perempuan 38 tahun datang ke apotek dengan keluhan sulit buang air besar selama 3 hari, padahal dia mengaku sudah mengkonsumsi makanan yang berserat dan minum yang cukup, obat sistem pencernaan apa yang akan diberikan?', '0000-00-00 00:00:00'),
(161, 'pr-s-Analisis', 'Asuhan kefarmasian merupakan tanggung jawab apoteker melaksanakan asuhan terapi pada penggunaan obat seperti amlodipin tablet untuk mencapai manfaat optimal guna meningkatkan kualitas hidup pasien. Apakah yang dimaksud dengan manfaat optimal?', 'Kualitas hidup pasien meningkat', 'Produktivitas pasien meningkat', 'Memperlambat proses penyakit', 'Mengidentifikasi gejala penyakit', 'Mengidentifikasi penyakit', 'c', 'Asuhan kefarmasian merupakan tanggung jawab apoteker melaksanakan asuhan terapi pada penggunaan obat seperti amlodipin tablet untuk mencapai manfaat optimal guna meningkatkan kualitas hidup pasien. Apakah yang dimaksud dengan manfaat optimal?', '0000-00-00 00:00:00'),
(162, 'pr-s-Analisis', 'Ada seorang apoteker bekerja di industri ingin mengambil minyak atsiri dari kulit jeruk dengan ekstraksi. Metode ekstraksi apa yang tepat?', 'Destilasi', 'Ekstraksi pelarut', 'Maserasi', 'Perkolasi', 'Sokletasi', 'c', 'Ada seorang apoteker bekerja di industri ingin mengambil minyak atsiri dari kulit jeruk dengan ekstraksi. Metode ekstraksi apa yang tepat?', '0000-00-00 00:00:00'),
(163, 'pr-s-Analisis', 'Seorang pasien umur 45 tahun mengeluh radang, nyeri, mual, muntah. Obat apa yang tepat?', 'Paracetamol', 'Asam mefenamat', 'Piroksikam', 'Indometasin', 'Natrium diklofenak', 'c', 'Seorang pasien umur 45 tahun mengeluh radang, nyeri, mual, muntah. Obat apa yang tepat?', '0000-00-00 00:00:00'),
(164, 'pr-s-Analisis', 'Seorang laki-laki 70 tahun, dengan keluhan hipertensi dan ulkus pepti, mendapat obat dari dokter kaptopril (1x1), antasida (2x1), omeprazole (1x1). setelah 7 hari pasien di cek ke dokter terjadi kegagalan pada hipertensi padahal sebelumnya keberhasilan pasien pada kaptropil. Apa yang menyebabkan keg', 'Hambatan metabolisme kaptopril oleh antasida. ', 'Hambatan distribusi kaptopril oleh omeprazole', 'Hambatan distrbusi kaptopril oleh antasida', 'Hambatan absorpsi kaptopril oleh antasida', 'Hambatan absorpsi kaptopril oleh omeprazole', 'c', 'Seorang laki-laki 70 tahun, dengan keluhan hipertensi dan ulkus pepti, mendapat obat dari dokter kaptopril (1x1), antasida (2x1), omeprazole (1x1). setelah 7 hari pasien di cek ke dokter terjadi kegagalan pada hipertensi padahal sebelumnya keberhasilan pasien pada kaptropil. Apa yang menyebabkan kegagalan pada kaptopril tersebut?', '0000-00-00 00:00:00'),
(165, 'pr-s-Analisis', 'Levofloksasin merupakan antibiotik golongan....', 'Aminoglikosida', 'Kuinolon', 'Penisilin', 'Makrolida', 'Sefalosporin', 'c', 'Levofloksasin merupakan antibiotik golongan....', '0000-00-00 00:00:00'),
(166, 'pr-s-Analisis', 'Seorang pasien laki-laki berusia 44 tahun menderita penyakit diabetes melitus tipe 2 selama 2 tahun. Ia mengkonsumsi obat kombinasi metformin dan glibenklamid, sudah berlangsung 3 bulan. Hasil lab menunjukkan kadar glukosa puasa 100 mg/dl, dan HbA1c 6,3%. Apa rekomendasi yang tepat untuk pasien?', 'Melanjutkan meminum metformin dan glibenklamid', 'Menaikkan dosis metformin dan glibenklamid', 'Menurunkan dosis metformin dan glibenklamid', 'Menambahkan obat akarbose', 'Menambahkan insulin kerja menengah', 'c', 'Seorang pasien laki-laki berusia 44 tahun menderita penyakit diabetes melitus tipe 2 selama 2 tahun. Ia mengkonsumsi obat kombinasi metformin dan glibenklamid, sudah berlangsung 3 bulan. Hasil lab menunjukkan kadar glukosa puasa 100 mg/dl, dan HbA1c 6,3%. Apa rekomendasi yang tepat untuk pasien?', '0000-00-00 00:00:00'),
(167, 'pr-s-Analisis', 'Seorang laki-laki berumur 46 tahun mengkonsumsi asetilsalisilat untuk mengurangi sakit kepalanya seminggu ini. Dia mengalami keracunan salisilat, apakah gejala keracunan itu?', 'Hipertensi', 'Batuk', 'Myopia', '-', '-', 'c', 'Seorang laki-laki berumur 46 tahun mengkonsumsi asetilsalisilat untuk mengurangi sakit kepalanya seminggu ini. Dia mengalami keracunan salisilat, apakah gejala keracunan itu?', '0000-00-00 00:00:00'),
(168, 'pr-s-Analisis', 'Suatu industri farmasi akan memproduksi krim dengan komposisi :  | Vaselin 30%  | Asetilsalisilat 20 gram  | Emulgator 2 gram | aqua ad 100 gram | Emulgator yg digunakan tween 60 dan span 60. Tween 60 (HLB=15) dan tween ( HLB=5) serta HLB campuran 12. Berapa emulgator yg di butuhkan masing-masing?', '1,0 : 1,0', '1,1:0,9', '1,2:0,8', '1,3:0,7', '1,4:0,6', 'c', 'Suatu industri farmasi akan memproduksi krim dengan komposisi :  | Vaselin 30%  | Asetilsalisilat 20 gram  | Emulgator 2 gram | aqua ad 100 gram | Emulgator yg digunakan tween 60 dan span 60. Tween 60 (HLB=15) dan tween ( HLB=5) serta HLB campuran 12. Berapa emulgator yg di butuhkan masing-masing?', '0000-00-00 00:00:00'),
(169, 'pr-s-Analisis', 'Seorang wanita 56 tahun didiagnosa dokter terkena kolesterolimia dengan hasil pemeriksaan lab kadar kolesterol 290 mm/Hg, LDL 224 mm/Hg, HDL 55 mm/Hg. Dokter memberikan obat Simvastatin 10 mg sekali satu hari, informasi apa yang disampaikan kepada pasien tentang cara penggunaan obat pasien?', 'Diminum bersama makanan pada pagi hari', 'Diminum bersama makanan pada siang hari', 'Diminum sebelum makan pada siang hari', 'Diminum sebelum makan pada malam hari', 'Diminum sebelum tidur pada malam hari', 'c', 'Seorang wanita 56 tahun didiagnosa dokter terkena kolesterolimia dengan hasil pemeriksaan lab kadar kolesterol 290 mm/Hg, LDL 224 mm/Hg, HDL 55 mm/Hg. Dokter memberikan obat Simvastatin 10 mg sekali satu hari, informasi apa yang disampaikan kepada pasien tentang cara penggunaan obat pasien?', '0000-00-00 00:00:00'),
(170, 'pr-s-Analisis', 'Perhatikan tabel di bawah ini A. Chlorfeniramine maleat Paracetamol | B. Adrenalin Salbutamol | C. Vitamin Tablet Fe | Bagaimana susunan yang tepat penggolongan obat diatas berdasarkan metode perencanaan VEN (Vital-Esensial-Nonesensial)', 'A-B-C', 'B-A-C', 'C-A-B', 'A-C-B', 'C-B-A', 'c', 'Perhatikan tabel di bawah ini A. Chlorfeniramine maleat Paracetamol | B. Adrenalin Salbutamol | C. Vitamin Tablet Fe | Bagaimana susunan yang tepat penggolongan obat diatas berdasarkan metode perencanaan VEN (Vital-Esensial-Nonesensial)', '0000-00-00 00:00:00'),
(171, 'pr-s-Analisis', 'Seorang perempuan usia 25 tahun mengalami nyeri lambung, mual muntah berlebihan dan penurunan bobot badan. Pasien juga mempunyai riwayat maag kronis. Dokter menyarankan pasien untuk tes lab, hasilnya adalah pasien mengalami ulkus peptikum yang disebabkan oleh H. Pylori. Terapi yang diberikan adalah?', 'Antasida, Ranitidin, Omeprasol', 'Ranitidin, Omeprazol, Sukralfat', 'Antasida, Sukralfat, Omeprazol', 'Sukralfat, Kanamyicin, Ranitidin', 'Omeprazol, Kanamycin, Metronidazol', 'c', 'Seorang perempuan usia 25 tahun mengalami nyeri lambung, mual muntah berlebihan dan penurunan bobot badan. Pasien juga mempunyai riwayat maag kronis. Dokter menyarankan pasien untuk tes lab, hasilnya adalah pasien mengalami ulkus peptikum yang disebabkan oleh H. Pylori. Terapi yang diberikan adalah?', '0000-00-00 00:00:00'),
(172, 'pr-s-Analisis', 'Seorang Apoteker bekerja di bagian produksi obat tradisional, ingin memperoleh minyak atsiri Oleum citri (citrus lemon) dengan menggunakan ekstraksi, metode apakah yang sesuai?', 'Destilasi', 'Ekstraksi pelarut', 'Maserasi', 'Perkolasi', '-', 'c', 'Seorang Apoteker bekerja di bagian produksi obat tradisional, ingin memperoleh minyak atsiri Oleum citri (citrus lemon) dengan menggunakan ekstraksi, metode apakah yang sesuai?', '0000-00-00 00:00:00'),
(173, 'pr-s-Analisis', 'Seorang ibu ke apotek untuk membeli paracetamol untuk anaknya (BB 12,5 kg). apoteker memberikan paracetamol syr 250 mg/5 ml. Dosis paracetamol adalah 10 mg/kg BB. Berapa ml paracetamol yang diberikan untuk pemberian satu kali?', '2,5 ml', '3 ml', '4 ml', '5 ml', '7,5 ml', 'c', 'Seorang ibu ke apotek untuk membeli paracetamol untuk anaknya (BB 12,5 kg). apoteker memberikan paracetamol syr 250 mg/5 ml. Dosis paracetamol adalah 10 mg/kg BB. Berapa ml paracetamol yang diberikan untuk pemberian satu kali?', '0000-00-00 00:00:00');
INSERT INTO `soal` (`id_soal`, `kode_soal`, `pertanyaan`, `jawaban_a`, `jawaban_b`, `jawaban_c`, `jawaban_d`, `jawaban_e`, `kunci_soal`, `pembahasan_soal`, `created`) VALUES
(174, 'pr-s-Analisis', 'Suatu industri farmasi minuman kaleng yg mengandung aspartam, as.benzoat dan kafein dianalisis oleh kckt dengan kolom c18, fase gerak metanol 20% dan panjang gelombang 220nm - 270nm. Hasil analisis menunjukan bahwa aspartam lebuh kecil dari kafein dan as.benzoat lebih besar dari pada kafein. Bagaima', 'Aspartam, as.benzoat, kafein', 'Kafein, as.benzoat, aspartam', 'As.benzoat, aspartam, kafein', 'Aspartam, kafein, as.benzoat', 'Kafein, as.benzoat, aspartam', 'c', 'Suatu industri farmasi minuman kaleng yg mengandung aspartam, as.benzoat dan kafein dianalisis oleh kckt dengan kolom c18, fase gerak metanol 20% dan panjang gelombang 220nm - 270nm. Hasil analisis menunjukan bahwa aspartam lebuh kecil dari kafein dan as.benzoat lebih besar dari pada kafein. Bagaimana cara membaca spektrum dalam kckt?', '0000-00-00 00:00:00'),
(175, 'pr-s-Analisis', 'Seorang Pria Usia 50 tahun menderita hipertensi. Pria tersebut mempunyai riwayat asma. Obat apa yang harus dihindari?', 'HCT', 'Propanolol', 'Salbutamol', 'Enalapril', 'Nifedipin', 'c', 'Seorang Pria Usia 50 tahun menderita hipertensi. Pria tersebut mempunyai riwayat asma. Obat apa yang harus dihindari?', '0000-00-00 00:00:00'),
(176, 'pr-s-Analisis', 'Seorang anak didiagnosa oleh dokter typoid. Klorampenikol merupakan antibiotik Pilihan pertama yang efektif mengobati thypoid, tetapi ada efek samping yang harus dihindari dari klorampenikol yaitu..', 'Hepatotoksik', 'Nefrotoksik', 'Gray baby syndrom', '-', '-', 'c', 'Seorang anak didiagnosa oleh dokter typoid. Klorampenikol merupakan antibiotik Pilihan pertama yang efektif mengobati thypoid, tetapi ada efek samping yang harus dihindari dari klorampenikol yaitu..', '0000-00-00 00:00:00'),
(177, 'pr-s-Analisis', 'Salah satu pengaturan manajerial pelayanan kefarmasian adalah perencanaan,saudara akan merencanakan pembelian vaksin hepatitis dengan harga yg mahal dan jarang digunakan. Bagaimana anda melakukan analisa perencaannya?', 'Konsumsi', 'Kombinasi', 'Just in time', 'Analisa ABC', '-', 'c', 'Salah satu pengaturan manajerial pelayanan kefarmasian adalah perencanaan,saudara akan merencanakan pembelian vaksin hepatitis dengan harga yg mahal dan jarang digunakan. Bagaimana anda melakukan analisa perencaannya?', '0000-00-00 00:00:00'),
(178, 'pr-s-Analisis', 'Seorang laki-laki berusia 55 tahun masuk ke Unit Gawat Darurat dalam keadaan sesak dan nyeri pada perut. Keluarga menyatakan bahwa pasien adalah penderita DM-2, dua hari yang lalu mengalami demam dengan suhu mencapai 39,50C. Berdasarkan pemeriksaan BGA dokter mendiagnosis pasien DM-2 asidosis berat.', 'Infus NaCO3', 'Infus NaHCO3', 'Infus NaOH', 'Infus NaCl', 'Infus CaCl2', 'c', 'Seorang laki-laki berusia 55 tahun masuk ke Unit Gawat Darurat dalam keadaan sesak dan nyeri pada perut. Keluarga menyatakan bahwa pasien adalah penderita DM-2, dua hari yang lalu mengalami demam dengan suhu mencapai 39,50C. Berdasarkan pemeriksaan BGA dokter mendiagnosis pasien DM-2 asidosis berat. Penanganan yang tepat untuk asidosisnya adalah?', '0000-00-00 00:00:00'),
(179, 'pr-s-Analisis', 'Seorang wanita ( umur 45 tahun) mengalami hiperlipidemia, kemudian dokter meresepkan obat simvastatin 20 mg 1 x 1 sehari yang digunakan pada malam hari. Apa upaya yang dilakukan apoteker dalam memberikan informasi mengenai obat tersebut?', 'Terjadinya pembentukan lemak pada malam hari', 'Terjadinya penyerapan lemak pada malam hari', 'Terjadinya penguraian lemak pada malam hari', '-', '-', 'c', 'Seorang wanita ( umur 45 tahun) mengalami hiperlipidemia, kemudian dokter meresepkan obat simvastatin 20 mg 1 x 1 sehari yang digunakan pada malam hari. Apa upaya yang dilakukan apoteker dalam memberikan informasi mengenai obat tersebut?', '0000-00-00 00:00:00'),
(180, 'pr-s-Analisis', 'Seorang laki-laki 57tahun menderita sakit gigi. Seorang apoteker menyarankan obat untuk laki-laki tersebut adalah....', 'Ibuprofen 400mg,15 tablet', 'Ibuprofen 600mg,25tablet', 'Ibuprofen 500mg,10 tablet', 'Asam mefenamat 500mg, 25tablet', 'Natrium diklofenak 50mg,10 tablet', 'c', 'Seorang laki-laki 57tahun menderita sakit gigi. Seorang apoteker menyarankan obat untuk laki-laki tersebut adalah....', '0000-00-00 00:00:00'),
(181, 'pr-s-Analisis', 'Industri farmasi melakukan product recall (penarikan kembali produk) tablet alprazolam, karena tidak memenuhi syarat kadar. Produk tersebut harus dimusnahkan sesuai dengan peraturan yang berlaku. Bagaimanakah cara pemusnahan produk tersebut', 'Ditanam dalam tanah', 'Dibakar dengan insenerator', 'Dilarutkan, proses limbah cair', 'Dihancurkan, proses llimbah padat', 'Dibuang ditempat yang aman', 'c', 'Industri farmasi melakukan product recall (penarikan kembali produk) tablet alprazolam, karena tidak memenuhi syarat kadar. Produk tersebut harus dimusnahkan sesuai dengan peraturan yang berlaku. Bagaimanakah cara pemusnahan produk tersebut', '0000-00-00 00:00:00'),
(182, 'pr-s-Analisis', 'Seorang anak perempuan usia 4 tahun sakit demam dan batuk. Dokter spesialis anak meresepkan obat | R/ Paracetamol 125 mg | CTM 2 mg | Codein HCl 10 mg | M.f. pulv. Dtd. No. XX | Stdd pulv 1 Sediaan paracetamol yang tersedia yaitu paracetamol 500 mg. Berapa tablet paracetamol yang dibutuhkan', '1 tablet', '2 tablet', '3 tablet', '4 tablet', '5 tablet', 'c', 'Seorang anak perempuan usia 4 tahun sakit demam dan batuk. Dokter spesialis anak meresepkan obat | R/ Paracetamol 125 mg | CTM 2 mg | Codein HCl 10 mg | M.f. pulv. Dtd. No. XX | Stdd pulv 1 Sediaan paracetamol yang tersedia yaitu paracetamol 500 mg. Berapa tablet paracetamol yang dibutuhkan', '0000-00-00 00:00:00'),
(183, 'pr-s-Analisis', 'Seorang wanita datang ke dokter dengan keluhan pusing dan lemas. Selama 6 bulan terakhir ini menstruasi sebulan dua kali dengan volume yang lebih banyak dari biasanya. Lalu beliau melakukan pengecekan kadar Hb nya 8, dan di diagnosis oleh dokter anemia normositik. Terapi yang tepat adalah ...', 'Vitamin D', 'Vitamin B6', 'Asam folat', 'Eritropoietin', 'Zat besi', 'c', 'Seorang wanita datang ke dokter dengan keluhan pusing dan lemas. Selama 6 bulan terakhir ini menstruasi sebulan dua kali dengan volume yang lebih banyak dari biasanya. Lalu beliau melakukan pengecekan kadar Hb nya 8, dan di diagnosis oleh dokter anemia normositik. Terapi yang tepat adalah ...', '0000-00-00 00:00:00'),
(184, 'pr-s-Analisis', 'Laki laki 50 tahun menderita diare hebat disertai muntah. Dibawa ke rumah sakit dalam kondisi dehidrasi berat. Pemeriksaan lebih lanjut: gagal ginjal akut, apa penyebab kondisi tersebut?', 'Prarenal', 'Postrenal', 'Fungsional', 'Intrinsik', 'Nekrosis', 'c', 'Laki laki 50 tahun menderita diare hebat disertai muntah. Dibawa ke rumah sakit dalam kondisi dehidrasi berat. Pemeriksaan lebih lanjut: gagal ginjal akut, apa penyebab kondisi tersebut?', '0000-00-00 00:00:00'),
(185, 'pr-s-Analisis', 'Seorang apoteker sedang memeriksa logo obat di apotek. tergolong logo obat apakah yang dibawah ini', 'Obat tradisional', 'Jamu', 'Fitofarmaka', 'Bahan alam', 'Obat herbal terstandar', 'c', 'Seorang apoteker sedang memeriksa logo obat di apotek. tergolong logo obat apakah yang dibawah ini', '0000-00-00 00:00:00'),
(186, 'pr-s-Analisis', 'Seorang pasien mengeluh karena gatal biang keringat, obat apa yang cocok untuk diberikan?', 'Krim hidrokortison', 'Lotion kalamine', 'Gel ekstrak plasenta', 'Gel ........', 'Lotio oksil metoksi ......', 'c', 'Seorang pasien mengeluh karena gatal biang keringat, obat apa yang cocok untuk diberikan?', '0000-00-00 00:00:00'),
(187, 'pr-s-Analisis', 'Seorang pasien pergi ke dokter dengan penyakit hipertensi, DM, dan gout, lalu mendapatkan terapi captopril, glibenklamid, propanolol, allopurinol, metformin. Lalu setelah menggunakan obat tersebut pasien menderita batuk-batuk. Obat apakah yang menyebabkan efek samping tersebut', 'Captopril', 'Glibenklamid', 'Propanolol', 'Allopurinol', 'Metformin', 'c', 'Seorang pasien pergi ke dokter dengan penyakit hipertensi, DM, dan gout, lalu mendapatkan terapi captopril, glibenklamid, propanolol, allopurinol, metformin. Lalu setelah menggunakan obat tersebut pasien menderita batuk-batuk. Obat apakah yang menyebabkan efek samping tersebut', '0000-00-00 00:00:00'),
(188, 'pr-s-Analisis', 'Tablet asetosal pada saat pencetakan mengalami capping. Bahan tambahan apakah yang harus ditambahkan?', 'Pengisi', 'Pengikat', 'Penghancur', 'Pelincir', 'Pelicin ', 'c', 'Tablet asetosal pada saat pencetakan mengalami capping. Bahan tambahan apakah yang harus ditambahkan?', '0000-00-00 00:00:00'),
(189, 'pr-s-Analisis', 'Pria berumur 60 tahun mengeluhkan gatal dan ruam di ketiak dan paha dan terdapat bercak putih di permukaan kulit. Sebagai apoteker obat apakah yang akan anda sarankan?', 'Anti inflamasi', 'Antibiotik', 'Antijamur', '-', '-', 'c', 'Pria berumur 60 tahun mengeluhkan gatal dan ruam di ketiak dan paha dan terdapat bercak putih di permukaan kulit. Sebagai apoteker obat apakah yang akan anda sarankan?', '0000-00-00 00:00:00'),
(190, 'pr-s-Analisis', 'Seorang laki laki berumur 42 tahun mempunyai riwayat DM tipe II selama 5 tahun dan jantung koroner selama 2 tahun, mendapatkan terapi glibenklamid, kaptopril, simvastatin. Berapa target nilai LDL kolesterol pasien tersebut?', '70 mg/dL', '110 mg/dL', '130 mg/dL', '180 mg/dL', '200 mg/dL', 'c', 'Seorang laki laki berumur 42 tahun mempunyai riwayat DM tipe II selama 5 tahun dan jantung koroner selama 2 tahun, mendapatkan terapi glibenklamid, kaptopril, simvastatin. Berapa target nilai LDL kolesterol pasien tersebut?', '0000-00-00 00:00:00'),
(191, 'pr-s-Analisis', 'Seorang pasien asma menerima terapi aminifilin. Bagaimana mekanisme obat aminofilin tersebut? ', 'Beta-2 agonis', '-', '-', '-', '-', 'c', 'Seorang pasien asma menerima terapi aminifilin. Bagaimana mekanisme obat aminofilin tersebut? ', '0000-00-00 00:00:00'),
(192, 'pr-s-Analisis', 'Pasien hamil 3 bulan dan sedang mendapatkan terapi TB. Obat yang diminum adalah Rifampisin, INH, Pirazinamid, Streptomisin, dan Etambutol. Obat manakah yang beresiko bagi pasien tersebut?', 'Rifampisin', 'INH', 'Pirazinamid', 'Streptomisin', 'Etambutol', 'c', 'Pasien hamil 3 bulan dan sedang mendapatkan terapi TB. Obat yang diminum adalah Rifampisin, INH, Pirazinamid, Streptomisin, dan Etambutol. Obat manakah yang beresiko bagi pasien tersebut?', '0000-00-00 00:00:00'),
(193, 'pr-s-Analisis', 'Seorang pria berumur 45 thn menderita hipertensi diberikan captopril 25mg 2x1. Dengan tekanan darah 195/90. Berapakah tekanan darah yg harus di capai setelah pemberian obat tersebut?', '130/80', '120/80', '140/90', '145/100', '150/90', 'c', 'Seorang pria berumur 45 thn menderita hipertensi diberikan captopril 25mg 2x1. Dengan tekanan darah 195/90. Berapakah tekanan darah yg harus di capai setelah pemberian obat tersebut?', '0000-00-00 00:00:00'),
(194, 'pr-s-Analisis', 'R/ Aminofilin 150 mg  | Ctm 2 mg  | Prednison 4 mg  | M.f pulv dtd XVII  | S 3 dd 1 | Berapa ctm yg di ambil?', '2 tablet', '4 tablet', '6 tablet', '8,5 tablet', '-', 'c', 'R/ Aminofilin 150 mg  | Ctm 2 mg  | Prednison 4 mg  | M.f pulv dtd XVII  | S 3 dd 1 | Berapa ctm yg di ambil?', '0000-00-00 00:00:00'),
(195, 'pr-s-Analisis', 'Seorang salesman hendak k aptk menghantar pesanan obat,di faktur tersebut berisi obat alprazolam 1mg sebanyak 2 box. Siapa yg berwenang menerima faktur tersebut?', 'Petugas bagian gudang', 'Kasir', 'Apoteker pengelola apotek', 'Tenaga teknik kefarmasian', 'Asisten apoteker', 'c', 'Seorang salesman hendak k aptk menghantar pesanan obat,di faktur tersebut berisi obat alprazolam 1mg sebanyak 2 box. Siapa yg berwenang menerima faktur tersebut?', '0000-00-00 00:00:00'),
(196, 'pr-s-Analisis', 'Seorang laki-laki berusia 42 tahun dengan berat badan 72 kg mendapat injeksi tobramisin dosis 2 mg/kg i.m sekali sehari. Profil farmakokinetik obat menunjukkan 90% dosis terdapat pada urin dengan bentuk tak berubah dengan klirens total 135 ml/menit. Berapa nilai klirens obat ini?', '106', '112', '116', '122', '-', 'c', 'Seorang laki-laki berusia 42 tahun dengan berat badan 72 kg mendapat injeksi tobramisin dosis 2 mg/kg i.m sekali sehari. Profil farmakokinetik obat menunjukkan 90% dosis terdapat pada urin dengan bentuk tak berubah dengan klirens total 135 ml/menit. Berapa nilai klirens obat ini?', '0000-00-00 00:00:00'),
(197, 'pr-s-Analisis', 'Obat Vitamin C termasuk kedalam Golongan obat apa?', 'Obat bebas', 'Obat bebas terbatas', 'Obat keras', 'Narkotika', 'Psikotropika', 'c', 'Obat Vitamin C termasuk kedalam Golongan obat apa?', '0000-00-00 00:00:00'),
(198, 'pr-s-Analisis', 'Seorang pria 41 tahun di diagnosa DM tipe 2. Diberikan terapi selama 4 bulan dengan metformin. Cara pengontrolan kadar glukosa darah yang tepat adalah?', 'Pengecekan sekresi albumin', 'Pengontrolan kadar glukosa darah puasa (efek dari metformin)', 'Pengontrolan kadar glukosa darah asal', 'HbA1c', '-', 'c', 'Seorang pria 41 tahun di diagnosa DM tipe 2. Diberikan terapi selama 4 bulan dengan metformin. Cara pengontrolan kadar glukosa darah yang tepat adalah?', '0000-00-00 00:00:00'),
(199, 'pr-s-Analisis', 'Pada gudang penyimpanan terdapat larutan konsentrat yang tidak boleh disimpan Pada ruang pelayanan kecuali Di ruangan ICU larutan konsentrat tersebut', 'Injeksi deoksorubisin', 'Infus finger laktat', 'H2O2', 'Dextrose 40%--> buat hipoglikemia ', '-', 'c', 'Pada gudang penyimpanan terdapat larutan konsentrat yang tidak boleh disimpan Pada ruang pelayanan kecuali Di ruangan ICU larutan konsentrat tersebut', '0000-00-00 00:00:00'),
(200, 'pr-s-Analisis', 'Seorang pria 50 thun keklinik memeriksa hemodialisis rutin,pria itu mempunyai pnykt hipertensi,dm,gagal ginjal kronik, hasil lab hb 10,5 dan serum fe normal, dokter mendiagnosis anemia nerkolisis karena kronik', 'Zat besi', 'Asam folat', 'Injeksi eritopoietin alfa', 'Injeksi Fe dekstran', 'Vitamin B12', 'c', 'Seorang pria 50 thun keklinik memeriksa hemodialisis rutin,pria itu mempunyai pnykt hipertensi,dm,gagal ginjal kronik, hasil lab hb 10,5 dan serum fe normal, dokter mendiagnosis anemia nerkolisis karena kronik', '0000-00-00 00:00:00');

-- --------------------------------------------------------

--
-- Table structure for table `transaksi`
--

CREATE TABLE `transaksi` (
  `id_transaksi` int(5) NOT NULL,
  `kode_transaksi` varchar(50) NOT NULL,
  `kode_bank` varchar(50) NOT NULL,
  `an_rekening` varchar(50) NOT NULL,
  `nominal_transfer` int(20) NOT NULL,
  `id_user` int(5) NOT NULL,
  `kode_paket` varchar(50) NOT NULL,
  `status_transaksi` varchar(50) NOT NULL,
  `bukti_transfer` varchar(250) NOT NULL,
  `tanggal` varchar(50) NOT NULL,
  `created` timestamp NOT NULL DEFAULT CURRENT_TIMESTAMP
) ENGINE=InnoDB DEFAULT CHARSET=latin1;

--
-- Dumping data for table `transaksi`
--

INSERT INTO `transaksi` (`id_transaksi`, `kode_transaksi`, `kode_bank`, `an_rekening`, `nominal_transfer`, `id_user`, `kode_paket`, `status_transaksi`, `bukti_transfer`, `tanggal`, `created`) VALUES
(5, '@TU20001', 'BRI', 'Yuda', 60000, 2, 'pr_agama', '1', '', '2020-06-21', '2020-06-06 08:56:34'),
(6, '@TU20002', 'BRI', 'Yuda', 60000, 2, 'pr_agama', '1', 'aedaf3308f10d861169a709aeb652d08.png', '2020-06-19', '2020-06-06 08:58:00'),
(7, '@TU20003', 'BRI', 'Yuda', 60000, 2, 'pr_agama', '1', 'acfb15b93283b58dc8e0dc40bb14ef92.png', '2020-06-28', '2020-06-06 08:59:12'),
(8, '@TU20004', 'BRI', 'Yuda', 60000, 2, 'pr_agama', '1', 'bb92a69635caf22a58f1de414a3ea351.png', '2020-06-27', '2020-06-06 09:02:08'),
(9, '@TU20005', 'BRI', 'Yuda', 60000, 2, 'Pkn', '1', '72fcad661a9ee6ad92f2992176388f5c.png', '0065-05-23', '2020-06-06 09:07:36'),
(10, '@TU20006', 'BRI', 'Yuda Fadilah', 75000, 2, 'pr_Farmasi', '1', '0b1918bd8265dc444644299a7b1691cd.png', '2020-06-18', '2020-06-06 13:56:38'),
(11, '@TU20007', 'BRI', 'Yuda Fadilah', 75000, 2, 'pr_Farmasi', '1', '8175e202a81410a877522560332d65f1.png', '2020-06-18', '2020-06-06 13:56:48'),
(12, '@TU20008', 'BRI', 'Yuda Fadilah', 75000, 2, 'pb_Persendian', '1', 'e146ac5ac226a44d6b1fb8b364aefac0.png', '2020-06-13', '2020-06-06 13:57:20');

-- --------------------------------------------------------

--
-- Table structure for table `user`
--

CREATE TABLE `user` (
  `id_user` int(5) NOT NULL,
  `nama_lengkap` varchar(50) NOT NULL,
  `jk_user` varchar(20) NOT NULL,
  `nohp_user` varchar(50) NOT NULL,
  `universitas_user` varchar(50) NOT NULL,
  `email` varchar(50) NOT NULL,
  `password` varchar(50) NOT NULL,
  `foto` varchar(250) NOT NULL,
  `akses_level` varchar(20) NOT NULL,
  `created` timestamp NOT NULL DEFAULT CURRENT_TIMESTAMP
) ENGINE=InnoDB DEFAULT CHARSET=latin1;

--
-- Dumping data for table `user`
--

INSERT INTO `user` (`id_user`, `nama_lengkap`, `jk_user`, `nohp_user`, `universitas_user`, `email`, `password`, `foto`, `akses_level`, `created`) VALUES
(1, 'Yuda Nur Fadillah', 'Laki-laki', '089674555439', 'Amikom', 'admin@gmail.com', '7488e331b8b64e5794da3fa4eb10ad5d', '', 'admin', '2020-05-25 13:24:48'),
(2, 'Yuda Nur Fadillassh', 'Laki-laki', '089674555123', 'Amikom Yk', 'yuda@gmail.com', '425717f0914fda333a7d7579d6327a02', 'b92af8d1ba3f78476daa221f1e27f5fd.png', 'user', '2020-05-25 14:10:13'),
(5, 'fadilah', 'Laki-laki', '089674555439', 'amikom yogya', 'fadilah@gmail.com', 'ba2bee8d4143c15a5fcfd9922ee71e7f', '', 'user', '2020-05-30 11:31:51');

--
-- Indexes for dumped tables
--

--
-- Indexes for table `ambil_soal`
--
ALTER TABLE `ambil_soal`
  ADD PRIMARY KEY (`id_ambil_soal`);

--
-- Indexes for table `bab_booster`
--
ALTER TABLE `bab_booster`
  ADD PRIMARY KEY (`id_bab_booster`);

--
-- Indexes for table `jawaban`
--
ALTER TABLE `jawaban`
  ADD PRIMARY KEY (`id_jawaban`);

--
-- Indexes for table `paket_booster`
--
ALTER TABLE `paket_booster`
  ADD PRIMARY KEY (`id_booster`);

--
-- Indexes for table `paket_reguler`
--
ALTER TABLE `paket_reguler`
  ADD PRIMARY KEY (`id_reguler`);

--
-- Indexes for table `soal`
--
ALTER TABLE `soal`
  ADD PRIMARY KEY (`id_soal`);

--
-- Indexes for table `transaksi`
--
ALTER TABLE `transaksi`
  ADD PRIMARY KEY (`id_transaksi`);

--
-- Indexes for table `user`
--
ALTER TABLE `user`
  ADD PRIMARY KEY (`id_user`);

--
-- AUTO_INCREMENT for dumped tables
--

--
-- AUTO_INCREMENT for table `ambil_soal`
--
ALTER TABLE `ambil_soal`
  MODIFY `id_ambil_soal` int(5) NOT NULL AUTO_INCREMENT, AUTO_INCREMENT=2;

--
-- AUTO_INCREMENT for table `bab_booster`
--
ALTER TABLE `bab_booster`
  MODIFY `id_bab_booster` int(5) NOT NULL AUTO_INCREMENT, AUTO_INCREMENT=11;

--
-- AUTO_INCREMENT for table `jawaban`
--
ALTER TABLE `jawaban`
  MODIFY `id_jawaban` int(5) NOT NULL AUTO_INCREMENT, AUTO_INCREMENT=2;

--
-- AUTO_INCREMENT for table `paket_booster`
--
ALTER TABLE `paket_booster`
  MODIFY `id_booster` int(5) NOT NULL AUTO_INCREMENT, AUTO_INCREMENT=11;

--
-- AUTO_INCREMENT for table `paket_reguler`
--
ALTER TABLE `paket_reguler`
  MODIFY `id_reguler` int(5) NOT NULL AUTO_INCREMENT, AUTO_INCREMENT=11;

--
-- AUTO_INCREMENT for table `soal`
--
ALTER TABLE `soal`
  MODIFY `id_soal` int(20) NOT NULL AUTO_INCREMENT, AUTO_INCREMENT=201;

--
-- AUTO_INCREMENT for table `transaksi`
--
ALTER TABLE `transaksi`
  MODIFY `id_transaksi` int(5) NOT NULL AUTO_INCREMENT, AUTO_INCREMENT=13;

--
-- AUTO_INCREMENT for table `user`
--
ALTER TABLE `user`
  MODIFY `id_user` int(5) NOT NULL AUTO_INCREMENT, AUTO_INCREMENT=6;
COMMIT;

/*!40101 SET CHARACTER_SET_CLIENT=@OLD_CHARACTER_SET_CLIENT */;
/*!40101 SET CHARACTER_SET_RESULTS=@OLD_CHARACTER_SET_RESULTS */;
/*!40101 SET COLLATION_CONNECTION=@OLD_COLLATION_CONNECTION */;
